kp,ki,bias,integral_limit,mean_total_reward,worst_max_temperature_C,mean_abs_temp_error_C,mean_rms_temp_error_C,total_time_above_safe_s,mean_total_cooling_effort,mean_action_variation,any_failure
0.2,0.006,0.25,75.0,-253.66894997571083,37.4687376445261,2.2742197617001736,3.5717934525602786,0.0,839.0936507752413,1.7841601818799973,False
0.2,0.006,0.2,75.0,-254.56601293456737,37.50818527619136,2.3231798363377267,3.581593659886523,0.0,830.4090391586942,1.7237870544195175,False
0.16,0.006,0.25,75.0,-254.67007825957916,37.536853666121026,2.307341118025836,3.580546751240802,0.0,832.7546437590208,1.6699341237545013,False
0.2,0.004,0.25,100.0,-255.49869845682363,37.55119782730794,2.3515213281288503,3.5888583395976967,0.0,829.3841316391481,1.6236425042152405,False
0.2,0.006,0.25,100.0,-255.63589901189303,37.5414677082764,2.2568605399030726,3.5773304172023868,0.0,853.2698522183346,2.0099688917398453,False
0.2,0.006,0.2,100.0,-255.9554253698934,37.56568465198247,2.2741476690881735,3.5810333138105075,0.0,848.5603846895829,1.9709387421607971,False
0.2,0.006,0.15,75.0,-256.06133591725273,37.58316601754695,2.390849284052093,3.5967549183363072,0.0,817.9082801515178,1.6794679313898087,False
0.2,0.006,0.15,100.0,-256.28983789300213,37.58974052695608,2.303352540924478,3.586165099723018,0.0,841.1293786921306,1.888538733124733,False
0.16,0.006,0.2,75.0,-256.32700245667075,37.631414737978055,2.372795298453363,3.5963188305895923,0.0,822.0576216146437,1.5733410865068436,False
0.16,0.006,0.25,100.0,-256.3309352765935,37.57835836141144,2.270192316037698,3.581974689773768,0.0,851.8878045831807,1.9014642983675003,False
0.2,0.004,0.25,75.0,-256.6427630597546,37.65271321819723,2.448286000378694,3.6080268303432046,0.0,802.8530769186036,1.523577943444252,False
0.16,0.006,0.2,100.0,-256.64834327039824,37.603887726860634,2.294746802161059,3.586485121697368,0.0,845.0949853497441,1.865148663520813,False
0.12,0.006,0.25,75.0,-256.84632683663045,37.71020066433343,2.36268868695703,3.5982341950171515,0.0,822.5957479860517,1.519169420003891,False
0.2,0.006,0.1,100.0,-256.86041773824394,37.613885312956356,2.3411131627516966,3.5934902500749937,0.0,833.0311945899157,1.8095542639493942,False
0.2,0.004,0.2,100.0,-256.92238739776917,37.60670993659995,2.415144183225993,3.603528509738819,0.0,816.6737739822202,1.596771389245987,False
0.16,0.006,0.15,100.0,-257.0888351904263,37.62938610541775,2.330125785931437,3.5930869539355434,0.0,836.0423541818745,1.7628911286592484,False
0.12,0.006,0.25,100.0,-257.1216436450039,37.61937089769077,2.2877359867310485,3.587526052325036,0.0,849.6992738949057,1.8043121695518494,False
0.16,0.004,0.25,100.0,-257.27318955207346,37.656285813495806,2.4010976525016363,3.603651985920231,0.0,821.2574613923935,1.4939230531454086,False
0.12,0.006,0.2,100.0,-257.4905702945106,37.64641494401139,2.322385484666741,3.5936162542923302,0.0,839.7344734537619,1.7519269585609436,False
0.1,0.006,0.25,100.0,-257.55934582118437,37.641649665408906,2.300988188093213,3.590983083220831,0.0,847.4184918371175,1.773084580898285,False
0.2,0.006,0.05,100.0,-257.7418658214475,37.63795678395431,2.388081337369611,3.6033422629739578,0.0,824.8722493526293,1.7441567480564117,False
0.2,0.006,0.25,40.0,-257.83257442704087,37.75219909728519,2.511619716614009,3.6242239928504145,0.0,783.8639664421789,1.5280549675226212,False
0.16,0.006,0.1,100.0,-257.8908566159035,37.654792114119374,2.3766119295186394,3.602658251158805,0.0,826.7856843935442,1.6858558505773544,False
0.2,0.006,0.1,75.0,-258.01973293440005,37.6709865953547,2.47395549008755,3.616538224801774,0.0,800.9142347398447,1.6322893500328064,False
0.1,0.006,0.2,100.0,-258.0254172291843,37.669324630030296,2.340325867322261,3.5982872553915506,0.0,836.070405907929,1.692650467157364,False
0.08,0.006,0.25,100.0,-258.06672095647247,37.66508640016292,2.3173171142664093,3.5951633786304633,0.0,844.3539463687921,1.7410520315170288,False
0.12,0.006,0.15,100.0,-258.17877720191916,37.67363197634416,2.367051186489907,3.602760940297018,0.0,828.8770895428024,1.6325773894786835,False
0.16,0.006,0.15,75.0,-258.56455787004796,37.74578042838587,2.457312492118317,3.617633842020169,0.0,806.4461825721082,1.5164524763822556,False
0.2,0.004,0.25,150.0,-258.5988922974501,37.67238275668901,2.3290618427320577,3.5981854414516015,0.0,848.7524393400527,1.868365541100502,False
0.1,0.006,0.25,75.0,-258.8836395354857,37.89716477042182,2.4046909611904383,3.6139397981602133,0.0,815.0068385155755,1.4287984520196915,False
0.2,0.004,0.15,100.0,-258.9347826563994,37.69002958952671,2.49662402505691,3.623664310819689,0.0,799.4611415270192,1.56358140707016,False
0.06,0.006,0.25,100.0,-259.12241708957606,37.74004963105612,2.3438256639652417,3.6035513919975486,0.0,839.1330273163912,1.7078611701726913,False
0.2,0.004,0.2,150.0,-259.12622913278426,37.70323303108396,2.3525630705280935,3.6039329018767066,0.0,842.9124722053821,1.8517555892467499,False
0.08,0.006,0.2,100.0,-259.2015766613042,37.7547595549632,2.369295174060446,3.6077897178009004,0.0,830.2094301546458,1.6352446228265762,False
0.16,0.006,0.05,100.0,-259.26158614861026,37.69525413595088,2.4351428038813028,3.616571202904589,0.0,817.4145981087349,1.602039098739624,False
0.2,0.004,0.2,75.0,-259.2674854517962,37.75659749608589,2.54080167817419,3.6328435831597172,0.0,784.3084219071607,1.5092490166425705,False
0.2,0.006,0.25,150.0,-259.2912050868357,37.685818957373115,2.322506078559013,3.599374210057609,0.0,853.2811138856923,1.8559736460447311,False
0.1,0.006,0.15,100.0,-259.4962558670143,37.767286539748966,2.3991878664246915,3.6134278169179046,0.0,822.7934057970124,1.5693236738443375,False
0.16,0.004,0.2,100.0,-259.579568041556,37.766243665658536,2.4832742503070397,3.625531454212076,0.0,804.9518697436606,1.4519272595643997,False
0.12,0.006,0.2,75.0,-259.6851667225077,37.890571399516986,2.4495464328579324,3.6228986424114593,0.0,809.2551098998811,1.4017857611179352,False
0.16,0.004,0.25,150.0,-259.717679718969,37.72758090425396,2.352968076167606,3.606155628863922,0.0,845.4372832611261,1.7915753424167633,False
0.2,0.002,0.25,150.0,-259.74779321086817,37.72046613440002,2.522200099125265,3.6314643728365983,0.0,797.5173688296636,1.4910183548927307,False
0.2,0.004,0.15,150.0,-259.7539938082167,37.73415809090965,2.3824140360192336,3.6110266741762946,0.0,836.2013170905411,1.815483570098877,False
0.2,0.006,0.2,150.0,-259.7984840045118,37.709907669900936,2.3291426882092305,3.602892379523902,0.0,852.2083492361126,1.8618290424346924,False
0.16,0.004,0.25,75.0,-259.9620597050398,37.86745725444315,2.5297238625656573,3.6354782697383623,0.0,787.9363114614098,1.3907866477966309,False
0.12,0.006,0.1,100.0,-260.04224326026616,37.778009235687016,2.434239664580288,3.620528835951605,0.0,816.9257013699971,1.5466526746749878,False
0.16,0.006,0.25,150.0,-260.2495206938133,37.73067871858593,2.3366824080885293,3.6054795030447946,0.0,852.4728167337016,1.74363674223423,False
0.16,0.004,0.2,150.0,-260.31931823403795,37.76081525285068,2.3810848249522216,3.6129909428930898,0.0,838.5319812573725,1.7569062262773514,False
0.2,0.006,0.15,150.0,-260.3229900168747,37.733855536347306,2.336179560867403,3.606537573048251,0.0,851.1504903885361,1.8705474585294724,False
0.2,0.004,0.1,150.0,-260.60624463251975,37.76527961241985,2.420882615037225,3.620278584391442,0.0,828.5185926675549,1.7841947376728058,False
0.2,0.006,0.05,75.0,-260.61891395001453,37.77189743014805,2.5649290019892867,3.6413616853337762,0.0,782.6621383118763,1.5896257609128952,False
0.16,0.006,0.2,150.0,-260.79662061129176,37.75592985087387,2.344315042186894,3.609293960672374,0.0,851.3079730942845,1.7519725561141968,False
0.12,0.004,0.25,100.0,-260.8225859111529,37.90886826548198,2.480393612699604,3.6316401529588926,0.0,808.1613904977858,1.3389856219291687,False
0.2,0.006,0.1,150.0,-260.8689447570724,37.75784013894663,2.3435992170006275,3.6103202236081495,0.0,850.1565008575708,1.88077212870121,False
0.12,0.004,0.25,150.0,-261.0338434734275,37.79072780423968,2.3836092200718406,3.615919661428657,0.0,840.7197233751467,1.7059761434793472,False
0.16,0.004,0.15,150.0,-261.1127286283786,37.794081774927875,2.4182046853709185,3.621990504101416,0.0,830.4560078461445,1.705323413014412,False
0.2,0.006,0.2,40.0,-261.26552765860674,37.87936007392663,2.6127581059159324,3.6549445761447723,0.0,764.8105653283128,1.5064843893051147,False
0.12,0.006,0.25,150.0,-261.34319208715755,37.780150732461905,2.3525038450073983,3.6123244145497244,0.0,852.1083508206066,1.6593740433454514,False
0.16,0.006,0.15,150.0,-261.3604029785976,37.78113734011951,2.35234771964002,3.6132357013259924,0.0,850.1686123445397,1.765588253736496,False
0.2,0.006,0.05,150.0,-261.42627013290945,37.78176699569914,2.3515361851914025,3.6142481212309363,0.0,849.0103217049327,1.8972435891628265,False
0.16,0.006,0.1,75.0,-261.5257063104218,37.88457146174493,2.558582285245958,3.645475900988359,0.0,785.8301548068412,1.4638164639472961,False
0.2,0.004,0.1,100.0,-261.60187882333594,37.7877026965719,2.5864886899513495,3.648870952661573,0.0,781.2689543083543,1.5321462005376816,False
0.2,0.004,0.05,150.0,-261.7158548274595,37.796395483180895,2.465880231043484,3.631900067830465,0.0,819.629375290504,1.729654923081398,False
0.06,0.006,0.2,100.0,-261.72611856445155,37.994651981593066,2.4174009292728345,3.626986067210214,0.0,820.464120467921,1.5512400269508362,False
0.12,0.004,0.2,150.0,-261.78610329420786,37.826477746270115,2.4193854970262625,3.6247823926807152,0.0,831.9173638034845,1.64388906955719,False
0.1,0.004,0.25,150.0,-261.79141817908436,37.82563561767731,2.403060306691708,3.621887933896088,0.0,837.2213310516654,1.6619341671466827,False
0.08,0.006,0.15,100.0,-261.8686490407958,37.97387047212837,2.4466282613463775,3.6316640543053897,0.0,813.8751060242066,1.484067142009735,False
0.08,0.006,0.25,75.0,-261.8895796685556,38.1693246679973,2.458531166478409,3.6362207286322272,0.0,805.4719814560376,1.3229192346334457,False
0.12,0.006,0.2,150.0,-261.93298841018463,37.80653984319814,2.3612074771270004,3.6164708151017964,0.0,850.7852898712736,1.6648880243301392,False
0.16,0.006,0.1,150.0,-261.93995401540656,37.806137294884216,2.3607989453939635,3.6173117932461785,0.0,848.9983780285111,1.7838475108146667,False
0.1,0.006,0.25,150.0,-261.9527146712306,37.80663336164083,2.36122019573861,3.616081394294342,0.0,852.1294834981381,1.6243887543678284,False
0.2,0.002,0.25,100.0,-262.1526262322821,37.87391398346913,2.6323633425416677,3.661136354666848,0.0,766.1738855323638,1.432733342051506,False
0.16,0.004,0.1,150.0,-262.25035178851857,37.82741274049544,2.4649721403662714,3.633879136195298,0.0,821.7248984808102,1.653454065322876,False
0.1,0.006,0.1,100.0,-262.3103227956574,37.954162206411205,2.4806234103325147,3.6380854263728555,0.0,809.0350292967632,1.4532980620861053,False
0.16,0.006,0.25,40.0,-262.4017921345692,38.06767373172647,2.6113388462510367,3.6613197999816833,0.0,765.0887958028616,1.363681048154831,False
0.2,0.002,0.2,150.0,-262.5048534936919,37.81094140894336,2.610089085272191,3.6570264182643237,0.0,779.5283480189064,1.4896821528673172,False
0.16,0.006,0.05,150.0,-262.5344256187146,37.831299106635306,2.3700349381273833,3.621567532724549,0.0,847.6616216207622,1.8127139657735825,False
0.12,0.006,0.15,150.0,-262.5356749943837,37.83303333277884,2.370326903189266,3.620741293570413,0.0,849.422416342306,1.6778217554092407,False
0.1,0.006,0.2,150.0,-262.5633510243203,37.83388145107759,2.370445781113328,3.620396441184213,0.0,850.7264082782203,1.6312576532363892,False
0.08,0.006,0.25,150.0,-262.61156901472947,37.8346723846843,2.3709053691163393,3.6200968524072437,0.0,852.3220079210005,1.598640888929367,False
0.2,0.004,0.15,75.0,-262.6199047927977,37.87518399259907,2.6383617473704932,3.6629981475988007,0.0,765.6010057841195,1.4992878586053848,False
0.1,0.006,0.2,75.0,-262.62493090849836,38.14095237532457,2.5058146662700898,3.6450955709427273,0.0,799.7320540005167,1.3016187995672226,False
0.16,0.004,0.15,100.0,-262.6305808339648,37.900757687687296,2.583368196792044,3.6539698444216437,0.0,784.1432662792358,1.4144083261489868,False
0.08,0.004,0.25,150.0,-262.6716935227208,37.86342917700115,2.426727160657963,3.629017723829117,0.0,832.8056547851727,1.6083538234233856,False
0.1,0.004,0.2,150.0,-262.70222025439193,37.86306753860832,2.4440024942557455,3.6323361803541734,0.0,827.5810229738636,1.577332243323326,False
0.2,0.004,0.25,40.0,-262.86812264120175,37.95999217132056,2.6562218859982263,3.671034438634747,0.0,754.9400803162425,1.4488321244716644,False
0.12,0.004,0.15,150.0,-262.92394756078284,37.86253319513674,2.4669307715256696,3.6369372221748533,0.0,822.6751505275606,1.5679324865341187,False
0.12,0.006,0.05,100.0,-262.9760185251494,37.936656570479826,2.5179246315097448,3.6460577107595737,0.0,804.1916397189198,1.4328449964523315,False
0.12,0.006,0.1,150.0,-263.13566471790483,37.85953344032337,2.3798231423331484,3.62513039828994,0.0,847.7440828877734,1.7093806266784668,False
0.1,0.006,0.15,150.0,-263.17368939910546,37.86107469899804,2.380012413428969,3.6248235475639703,0.0,849.0397172694502,1.6442854404449463,False
0.08,0.006,0.2,150.0,-263.24061916356936,37.862645980945125,2.3805155002351652,3.624582979411479,0.0,850.7816154883476,1.6062552481889725,False
0.06,0.006,0.25,150.0,-263.32778904536616,37.86418838886337,2.3819521366465652,3.6244110790599664,0.0,852.7079867504071,1.585876315832138,False
0.12,0.006,0.15,75.0,-263.4195412211295,38.1139711590488,2.559321237153273,3.6557793528225044,0.0,788.298041552247,1.3246333748102188,False
0.16,0.002,0.25,150.0,-263.5975371896835,37.92223694337752,2.6098320788518268,3.6629058099900176,0.0,782.041840649792,1.3763278275728226,False
0.06,0.004,0.25,150.0,-263.7677031450766,37.90366839450026,2.456044011192268,3.63804699726305,0.0,827.1063746174805,1.5541350692510605,False
0.16,0.004,0.05,150.0,-263.76984658452136,37.86105024987446,2.519449292775773,3.6490685445938866,0.0,811.6067888005346,1.5808725357055664,False
0.12,0.006,0.05,150.0,-263.7781289038096,37.88582881264966,2.3911131241053285,3.6297868857100566,0.0,846.2230984306079,1.749489188194275,False
0.1,0.006,0.1,150.0,-263.7882126654098,37.888035565868265,2.390204832180032,3.629388789714745,0.0,847.1293253071926,1.680264174938202,False
0.08,0.006,0.15,150.0,-263.8507316538297,37.89032756865784,2.3904159091770403,3.6291574386787184,0.0,848.6649129719008,1.6235420256853104,False
0.08,0.004,0.2,150.0,-263.8524297323879,37.90198248186584,2.4744115614628703,3.641864731259254,0.0,822.2091536186635,1.5077832341194153,False
0.1,0.004,0.25,100.0,-263.9476427133271,38.16276947264797,2.5390646588674817,3.655189386685737,0.0,798.285749321396,1.2451117634773254,False
0.06,0.006,0.2,150.0,-263.9517988411054,37.892658638939274,2.391579327742389,3.629032043014653,0.0,850.6780004789471,1.5955688208341599,False
0.16,0.004,0.2,75.0,-263.9731616079574,38.05176800037802,2.642954525010319,3.6709001106505874,0.0,765.7141415318329,1.3661915808916092,False
0.1,0.004,0.15,150.0,-264.151061531932,37.900198343448984,2.4989107374378694,3.6470799757260575,0.0,817.6240619761666,1.4955633878707886,False
0.1,0.006,0.05,150.0,-264.46034815130736,37.91712230378153,2.402945661089389,3.6342926909478948,0.0,845.4791973812389,1.7282283753156662,False
0.08,0.006,0.1,150.0,-264.48161936994245,37.92289341969076,2.4013314577397376,3.6339075256154807,0.0,846.5260991616888,1.6579191386699677,False
0.06,0.006,0.15,150.0,-264.5746279998286,37.92885078091089,2.401858952228713,3.6337757063506286,0.0,848.337107100524,1.6122692227363586,False
0.12,0.004,0.1,150.0,-264.58537539881604,37.89833652280839,2.5250961126268763,3.6532797245903934,0.0,812.5347799481087,1.4959925562143326,False
0.2,0.002,0.25,75.0,-264.62184082596457,37.99982888678908,2.6978819058161907,3.6851565126664507,0.0,749.9145051368687,1.3965568840503693,False
0.12,0.004,0.2,100.0,-264.69680860857517,38.13197849463066,2.588583382824904,3.6656186012550114,0.0,786.2858030992356,1.283222272992134,False
0.2,0.004,0.05,100.0,-264.9811586412338,37.90034030353443,2.681267402588481,3.679253969487086,0.0,762.8872597491718,1.518940582871437,False
0.08,0.006,0.05,150.0,-265.1877127311171,37.985682945531124,2.4161222179272652,3.6391128653783125,0.0,844.660617055808,1.7149333953857422,False
0.06,0.006,0.1,150.0,-265.2211728067257,37.99321842098131,2.413349571356373,3.638713146293694,0.0,845.9514566205544,1.6441250443458557,False
0.06,0.006,0.15,100.0,-265.497078148855,38.28517585519562,2.508777528000409,3.6583631714607368,0.0,802.3230829841923,1.3829838335514069,False
0.16,0.006,0.05,75.0,-265.50295577712524,38.06379829570176,2.669610718719858,3.6808462089501575,0.0,763.901384695142,1.4225110560655594,False
0.2,0.006,0.15,40.0,-265.5114449861908,38.03151067906725,2.7160933945836425,3.691430992228481,0.0,745.8254345375099,1.4793086349964142,False
0.08,0.006,0.1,100.0,-265.7615785197761,38.2371893070588,2.5412345889881007,3.663717779800204,0.0,798.8265837012441,1.338973581790924,False
0.06,0.006,0.05,150.0,-265.9619472246117,38.05652152575003,2.4312578266861564,3.644306238583217,0.0,843.632639291347,1.7145653516054153,False
0.2,0.002,0.15,150.0,-265.99100120974805,37.918587477294096,2.7036057295996185,3.6878875443147905,0.0,761.350058935117,1.4908802807331085,False
0.06,0.006,0.25,75.0,-266.09611797439146,38.50467866404193,2.524776718171394,3.666186499956205,0.0,794.0840414388949,1.2110012918710709,False
0.12,0.004,0.25,75.0,-266.2594441120457,38.3221552948549,2.6523658852380527,3.6843600922033763,0.0,765.3419181399222,1.216589316725731,False
0.1,0.006,0.05,100.0,-266.29501553339776,38.19465707987441,2.5797242796580453,3.671148361709745,0.0,794.0684011517442,1.3275298178195953,False
0.2,0.002,0.2,100.0,-266.323585673534,38.012219520602436,2.7327337749710923,3.696780285579318,0.0,747.407063130926,1.4162362813949585,False
0.2,0.001,0.25,150.0,-266.57562011548964,38.01871633144204,2.73794863610702,3.699900096060772,0.0,747.2204216604296,1.3864418864250183,False
0.08,0.006,0.2,75.0,-266.60337926815674,38.44445452510856,2.573989295651095,3.674215326943004,0.0,788.0240102718526,1.2011635154485703,False
0.06,0.004,0.2,150.0,-266.68363149365035,38.1097526490695,2.5280280774017596,3.663334858576692,0.0,812.6985844809678,1.4326874986290932,False
0.16,0.004,0.1,100.0,-266.7055843682696,38.07562919974929,2.693466045915202,3.6899101761512245,0.0,762.3242650972825,1.3878890722990036,False
0.08,0.004,0.15,150.0,-266.74644916948824,38.066720606341676,2.549856339315949,3.666964240481403,0.0,809.408993329067,1.424207627773285,False
0.2,0.004,0.1,75.0,-266.74916424572154,38.013243314091504,2.738248091988103,3.698637402267745,0.0,746.9429570963912,1.4837165027856827,False
0.1,0.004,0.1,150.0,-266.9944612360519,38.03176937077218,2.57345000676736,3.6720118971407563,0.0,805.0053003557405,1.4187442362308502,False
0.1,0.006,0.15,75.0,-267.2461673806423,38.390179885736686,2.6284033540037544,3.684596327222046,0.0,775.807245620068,1.2149736732244492,False
0.16,0.006,0.2,40.0,-267.4226012129762,38.26431418078403,2.73113929216469,3.7038209941557483,0.0,742.8139238028089,1.3300058245658875,False
0.12,0.004,0.05,150.0,-267.45931829031406,38.01085687750173,2.6018056551746103,3.6788073549643046,0.0,798.9835370998262,1.4252173900604248,False
0.2,0.004,0.2,40.0,-267.6450780834051,38.12909478445618,2.7627467099387104,3.7109822933424774,0.0,735.702574177627,1.4305854737758636,False
0.16,0.002,0.2,150.0,-267.82001769731465,38.090374035807564,2.71854092679023,3.699552444479823,0.0,760.4482468619608,1.3656031340360641,False
0.12,0.006,0.1,75.0,-268.13562770490273,38.341808693567565,2.6857418383532954,3.6967712450946206,0.0,762.8496106224056,1.2632109075784683,False
0.08,0.004,0.25,100.0,-268.17858479572345,38.47030328577486,2.6102534311440073,3.6861039029125626,0.0,786.2377506846678,1.1518379896879196,False
0.16,0.002,0.25,100.0,-268.36479800193433,38.24435319136972,2.751137708758437,3.710406908308255,0.0,744.4145070925442,1.281775325536728,False
0.1,0.004,0.2,100.0,-268.7461664342145,38.41138343458314,2.6604124769530832,3.696054149770298,0.0,773.3960607610788,1.1861467063426971,False
0.16,0.004,0.15,75.0,-268.93419631302345,38.246759427487824,2.7592602822983885,3.7129830330735913,0.0,743.7229588637856,1.3388165384531021,False
0.2,0.001,0.25,100.0,-269.05796829718884,38.16753645901068,2.792146829019396,3.723416062842632,0.0,732.062079918891,1.3817425966262817,False
0.12,0.004,0.15,100.0,-269.57848162731756,38.35894796831324,2.7144095159595594,3.7076925780627783,0.0,760.7151490917313,1.2382209599018097,False
0.2,0.002,0.2,75.0,-269.5887391457073,38.16957833786888,2.8029450661076867,3.7262722176607586,0.0,730.8484883463825,1.3762987405061722,False
0.2,0.002,0.25,40.0,-269.62614013432943,38.22564489494479,2.800952822987885,3.7296018305177006,0.0,726.8423273582448,1.3719500452280045,False
0.16,0.004,0.25,40.0,-269.82730631352206,38.376089261923234,2.781705735532814,3.725788926411213,0.0,731.5018122040492,1.2766351997852325,False
0.2,0.002,0.1,150.0,-270.2384578651569,38.045427005494645,2.79987701088691,3.724093211446721,0.0,743.1471572111186,1.4728629887104034,False
0.12,0.006,0.25,40.0,-270.2934693508225,38.569810885067284,2.7509760727219046,3.721815387137343,0.0,738.8526910347864,1.1711967587471008,False
0.2,0.006,0.1,40.0,-270.5413700363393,38.20156751335926,2.8207992040337966,3.733280960666284,0.0,727.0491942067165,1.446133404970169,False
0.06,0.006,0.1,100.0,-270.57018343739685,38.58595972272912,2.615755454986971,3.6980659543084156,0.0,786.6463323670032,1.2194880843162537,False
0.2,0.001,0.25,75.0,-270.7012607488276,38.24628114037624,2.822824563405632,3.738038713630944,0.0,724.351292346546,1.362962320446968,False
0.08,0.006,0.05,100.0,-270.7704042484792,38.5075846870061,2.654398863065623,3.7040104931760998,0.0,781.4138665988867,1.2201751917600632,False
0.12,0.002,0.25,150.0,-270.8713574844937,38.37854074756075,2.7436115885363273,3.718960709516856,0.0,758.2171576440305,1.2202089726924896,False
0.1,0.004,0.25,75.0,-271.02753839279796,38.621748640073406,2.732632691663098,3.719876079745839,0.0,750.5622778691468,1.120084285736084,False
0.08,0.004,0.1,150.0,-271.09911892981086,38.32616041599894,2.642103435365248,3.702378062852929,0.0,794.1334754187701,1.30671426653862,False
0.06,0.004,0.15,150.0,-271.1647271161796,38.39608270024288,2.621964795786205,3.6991814475657496,0.0,797.6936425884342,1.322822667658329,False
0.1,0.004,0.05,150.0,-271.28531023688606,38.2664894811685,2.6693546856547243,3.7076636536437024,0.0,788.16177137669,1.3198474049568176,False
0.2,0.002,0.15,100.0,-271.3277290124509,38.180149691685926,2.8356849952649887,3.738210875921337,0.0,728.7057273526152,1.3949046283960342,False
0.2,0.001,0.2,150.0,-271.62593536979716,38.18492257267668,2.84076518873392,3.741390023300511,0.0,728.4605132496799,1.3743825554847717,False
0.2,0.004,0.05,75.0,-271.69189980687423,38.18089144804444,2.8402363988727233,3.739839252332498,0.0,728.3434765640122,1.4569828361272812,False
0.16,0.004,0.05,100.0,-271.7366701591075,38.26902080769254,2.806797928595684,3.7324700440530965,0.0,740.6453372374235,1.3589750528335571,False
0.2,0.0005,0.25,150.0,-271.8227987770395,38.25510400547289,2.8440984663913005,3.7464594465524854,0.0,722.9117144876509,1.3614869266748428,False
0.16,0.002,0.25,75.0,-272.1641737218803,38.42552669990022,2.8292936759434473,3.7441141615793554,0.0,725.6984874447662,1.234039381146431,False
0.06,0.006,0.2,75.0,-272.18267600040815,38.82049275333408,2.657881048042922,3.713591514729283,0.0,773.2829988574692,1.0865460932254791,False
0.12,0.004,0.2,75.0,-272.22680501179923,38.555918682773054,2.7883445699793126,3.734027936593765,0.0,739.2257981428702,1.1842355132102966,False
0.08,0.006,0.15,75.0,-272.4653480847608,38.72674834511769,2.7126831505940348,3.7226392809612556,0.0,760.483519014786,1.101630061864853,False
0.16,0.002,0.15,150.0,-273.03311583977825,38.28315542586888,2.8313743842352816,3.7430692776035372,0.0,738.9053328442533,1.335986465215683,False
0.1,0.006,0.1,75.0,-273.13814176090966,38.64512067469234,2.7689509203609504,3.734038858560887,0.0,747.7535664481256,1.156502902507782,False
0.2,0.004,0.15,40.0,-273.165456599687,38.300651296039305,2.8701660739941293,3.755987675438594,0.0,716.8963992509871,1.4100336730480194,False
0.2,0.0005,0.25,100.0,-273.2381148349187,38.33088954488753,2.8682183755632313,3.759173216754737,0.0,715.8156226265528,1.3607751578092575,False
0.16,0.006,0.15,40.0,-273.4122086326062,38.46344088592627,2.8518957634212594,3.752940244167027,0.0,720.9985508972895,1.2950747460126877,False
0.2,0.001,0.25,40.0,-273.53754899100835,38.36011249414917,2.8713057122673735,3.7622818649563956,0.0,713.3677933810395,1.351319670677185,False
0.12,0.006,0.05,75.0,-274.0751441726048,38.573554117692225,2.8187256824841214,3.7463857105907614,0.0,737.0429538729804,1.220460668206215,False
0.06,0.004,0.25,100.0,-274.09310409077244,38.852244701188965,2.6980131159940592,3.727907818639587,0.0,770.6931785987545,1.0483568608760834,False
0.2,0.0005,0.25,75.0,-274.1272357490961,38.37050231470887,2.8824976246336256,3.766853496029627,0.0,712.1271845584997,1.355299785733223,False
0.08,0.004,0.2,100.0,-274.26460633764503,38.75222442641855,2.7482766847887703,3.736247066900427,0.0,757.5467970274913,1.0826286226511002,False
0.16,0.002,0.2,100.0,-274.33482581672683,38.44209815700659,2.869833307303066,3.7590165217157123,0.0,722.6721012870112,1.2553458213806152,False
0.16,0.001,0.25,150.0,-274.6159287006619,38.44767285978282,2.8741715752504837,3.7624205772251074,0.0,722.5484194783348,1.2279273718595505,False
0.2,0.001,0.2,100.0,-274.7794390609611,38.33916436692443,2.8988735945309303,3.7694970046313347,0.0,713.1523976658646,1.3530753552913666,False
0.16,0.004,0.1,75.0,-274.8351632104911,38.44421075042479,2.8767014428472564,3.7614340146362717,0.0,722.146592306689,1.3082746416330338,False
0.1,0.004,0.15,100.0,-274.84321196867626,38.665522251179205,2.8005027305770174,3.746815923981155,0.0,745.2875340932806,1.139911949634552,False
0.2,0.002,0.05,150.0,-275.3056363078697,38.20462495428774,2.89882652332535,3.7658669054654936,0.0,724.8976570557861,1.4503588825464249,False
0.2,0.002,0.15,75.0,-275.3104609824109,38.341007049476325,2.909532360775352,3.77248916580055,0.0,712.1782356693257,1.367139756679535,False
0.2,0.0005,0.25,40.0,-275.61324105690517,38.427557783613764,2.9057215946227153,3.7793432636927915,0.0,706.7926797617984,1.3469715267419815,False
0.2,0.002,0.2,40.0,-275.62051677457305,38.398873763545986,2.910633735845888,3.7776120399590245,0.0,707.7816607444474,1.3623316287994385,False
0.12,0.004,0.1,100.0,-275.68193973792285,38.590369685661805,2.8467864312605125,3.758289221065974,0.0,735.0310299504199,1.2035969197750092,False
0.1,0.006,0.25,40.0,-276.2784202548436,38.89696977346056,2.8414124797223046,3.765759260003458,0.0,721.9004433165246,1.0699654817581177,False
0.2,0.006,0.05,40.0,-276.3016323365899,38.37327499604673,2.9260063647808505,3.779954562723777,0.0,708.6287114127772,1.4172814339399338,False
0.1,0.002,0.25,150.0,-276.4025962296019,38.68728693755437,2.832065081929544,3.759946531549669,0.0,742.4826451887639,1.1248397827148438,False
0.16,0.004,0.2,40.0,-276.473762167161,38.57772083911418,2.9059401979229347,3.77908418137227,0.0,709.5138305744986,1.256556674838066,False
0.08,0.004,0.05,150.0,-276.49832029939597,38.592861948856736,2.751897275517224,3.745888127956138,0.0,774.3523255183245,1.2080758959054947,False
0.2,0.001,0.2,75.0,-276.77825893859244,38.41936637176367,2.9315370775097422,3.7865035371112397,0.0,705.4006762163044,1.3361548036336899,False
0.06,0.004,0.1,150.0,-276.78796775619264,38.691176028729686,2.7267506882216517,3.7429982854554287,0.0,780.8637503489153,1.1884080916643143,False
0.06,0.006,0.05,100.0,-277.0315469888226,38.8966824260325,2.746408842434866,3.7483301326940035,0.0,765.5576069711824,1.0944220125675201,False
0.2,0.002,0.1,100.0,-277.06231773554947,38.35093220396288,2.9395185008199025,3.784503351067262,0.0,710.3339239782908,1.3705686032772064,False
0.12,0.002,0.2,150.0,-277.2371495086709,38.60908490039398,2.8756281528641097,3.770979081391981,0.0,732.7204112511827,1.1860222667455673,False
0.2,0.001,0.15,150.0,-277.42670596366526,38.35530366391351,2.94529710214799,3.7879257997879257,0.0,710.0257276485136,1.3643323928117752,False
0.08,0.004,0.25,75.0,-277.5788787951883,38.9879379270158,2.8307007799437702,3.767060029730717,0.0,732.5000847783813,1.0193079710006714,False
0.12,0.006,0.2,40.0,-277.6810240359015,38.81095260034514,2.89353507593545,3.78112826493361,0.0,712.8459110945478,1.1346093267202377,False
0.2,0.0005,0.2,150.0,-277.9427594655426,38.42734197656411,2.9516400178916933,3.795076566059427,0.0,704.1390212693514,1.344941258430481,False
0.16,0.001,0.25,100.0,-278.3371661289608,38.62304692275742,2.93798524727941,3.7947368511307262,0.0,705.4723375801768,1.2074962556362152,False
0.1,0.004,0.2,75.0,-278.47595116322674,38.88457322892496,2.88279668485232,3.7798946321413225,0.0,722.0387020702037,1.0850141644477844,False
0.12,0.002,0.25,100.0,-278.78312243682745,38.78893144076774,2.9155077746364553,3.788897921259317,0.0,714.4948907974613,1.107735887169838,False
0.16,0.002,0.2,75.0,-279.07715245740945,38.626996228207304,2.952130779556147,3.7989957971224473,0.0,703.9174323767511,1.219197690486908,False
0.16,0.002,0.1,150.0,-279.1609125427366,38.47852008716632,2.9456377054962584,3.7927087177624266,0.0,717.7197623284555,1.3065144270658493,False
0.16,0.002,0.25,40.0,-279.268034283536,38.68965353285237,2.948637584165297,3.8034343149418657,0.0,699.702317170806,1.2053049355745316,False
0.2,0.004,0.1,40.0,-279.42451325957387,38.47375382398743,2.977682513125369,3.8058323153926614,0.0,698.5073943159077,1.3873723149299622,False
0.12,0.004,0.15,75.0,-279.5228079021438,38.79399974720768,2.9265065017477854,3.7926567005117127,0.0,713.6021317983686,1.1494780331850052,False
0.2,0.0005,0.2,100.0,-279.7105820106926,38.50498815419941,2.978207586227928,3.8101813148116945,0.0,696.908778881043,1.341493159532547,False
0.06,0.006,0.15,75.0,-279.85619996851494,39.14686072724762,2.818009653423501,3.774488385229367,0.0,741.2250855460443,0.9819139093160629,False
0.08,0.006,0.1,75.0,-280.00055533114767,39.016591304375034,2.8705008496577737,3.7834748422364175,0.0,729.285645085969,1.045802503824234,False
0.2,0.001,0.2,40.0,-280.1559464820464,38.53502801976649,2.9829523514384,3.814319592252326,0.0,694.3611938605118,1.3357126712799072,False
0.16,0.006,0.1,40.0,-280.39522660397586,38.66513999071571,2.973547287349938,3.808588113021778,0.0,699.6245081053785,1.263609528541565,False
0.1,0.006,0.05,75.0,-280.5511213395288,38.905438134624305,2.9154567893714503,3.7938993604150326,0.0,719.6048861518502,1.1127428114414215,False
0.16,0.001,0.25,75.0,-280.7014590006668,38.71492066617353,2.973627858872313,3.8143783283470603,0.0,696.835723282944,1.186022311449051,False
0.2,0.0005,0.2,75.0,-280.7852854192282,38.54536271585537,2.9936306594130104,3.819094540923968,0.0,693.1789256444608,1.3319661766290665,False
0.2,0.001,0.15,100.0,-281.2870569838067,38.51248503659408,3.007313586835395,3.8207134144339125,0.0,694.6302083290066,1.3275077193975449,False
0.16,0.002,0.15,100.0,-281.29619893963667,38.64240331234966,2.9899702633104916,3.814236709639233,0.0,701.3634432327235,1.2285948544740677,False
0.12,0.004,0.25,40.0,-281.3138176367377,38.945673016979335,2.9525968635512756,3.811631306674363,0.0,699.8681912152388,1.0925713628530502,False
0.16,0.001,0.2,150.0,-281.6534225596054,38.6475488339505,2.9946654229836005,3.817853163674218,0.0,701.1033007806254,1.2196611315011978,False
0.16,0.004,0.05,75.0,-281.6949942912637,38.644003650256785,2.9950873906582935,3.816157784535862,0.0,700.9883748777065,1.2757912874221802,False
0.2,0.002,0.1,75.0,-281.7761495329394,38.51412412088609,3.016471541719189,3.8235437901033063,0.0,693.9136381138524,1.352326661348343,False
0.08,0.004,0.15,100.0,-282.0608532857332,39.0415192404055,2.905740783286952,3.7987234926209092,0.0,726.3900702027313,1.0356086045503616,False
0.06,0.004,0.2,100.0,-282.0754424277353,39.17815539885049,2.858333015468129,3.791046348154432,0.0,737.602872915304,0.971275731921196,False
0.16,0.0005,0.25,150.0,-282.12593147355176,38.726364395085014,2.997533849549784,3.824907351526325,0.0,695.1503537801909,1.1858367174863815,False
0.2,0.002,0.15,40.0,-282.42091653904527,38.573641308783955,3.0216667103103965,3.8308344554672322,0.0,689.1442763462255,1.3499345928430557,False
0.1,0.004,0.1,100.0,-282.4562499244215,38.92530623119315,2.946444008861225,3.807863696577411,0.0,717.2806598628522,1.102254033088684,False
0.2,0.0005,0.2,40.0,-282.5518320011954,38.60333660959681,3.01850654999022,3.8334234761942305,0.0,687.7950822550047,1.3298290371894836,False
0.12,0.004,0.05,100.0,-283.07077929145646,38.82567169771416,2.9811018858907365,3.817415629569286,0.0,709.8269604682973,1.1674581170082092,False
0.2,0.002,0.05,100.0,-283.52992488255364,38.52331750604327,3.0439912300523644,3.8354944781975053,0.0,692.2992161507718,1.3497764319181442,False
0.2,0.001,0.15,75.0,-283.6693823943273,38.59404835201326,3.041856554373542,3.8402191188354697,0.0,686.845360178384,1.3149386048316956,False
0.06,0.004,0.05,150.0,-283.7450272288319,38.99648229547047,2.853909383669492,3.7972522674118157,0.0,756.731406585779,1.0779696702957153,False
0.2,0.001,0.1,150.0,-283.9655347924947,38.52744275360515,3.05038292017223,3.839236353620282,0.0,691.9547279175022,1.3512817323207855,False
0.08,0.002,0.25,150.0,-283.990011082385,39.06631306063138,2.9405479419734872,3.814392559335847,0.0,723.180672086477,1.0240601152181625,False
0.16,0.004,0.15,40.0,-284.14572094623185,38.78169017090872,3.031330469215821,3.8390660612552576,0.0,688.0820461891417,1.2337479144334793,False
0.16,0.0005,0.25,100.0,-284.212184175937,38.814606184066825,3.0258399469799,3.8422241362246714,0.0,687.2316972269982,1.1844699531793594,False
0.1,0.002,0.2,150.0,-284.3481887097492,38.946772056133454,2.9781766942303936,3.822840544578195,0.0,714.6502300369357,1.088782548904419,False
0.08,0.006,0.25,40.0,-284.5453870842027,39.29889326053113,2.951607318708653,3.8243477551901393,0.0,701.2802219857294,0.9648250341415405,False
0.12,0.002,0.25,75.0,-284.61305185138093,39.00818787781074,3.0086788341973016,3.836620165837477,0.0,692.9773474146787,1.0612188279628754,False
0.16,0.001,0.25,40.0,-284.6940529773044,38.84802117345507,3.0295598346185866,3.846548787389698,0.0,684.5583238230611,1.1734328269958496,False
0.2,0.0005,0.15,150.0,-284.87060190855374,38.601328476047236,3.060857652390516,3.8488931907668964,0.0,685.7192927057622,1.328378051519394,False
0.12,0.002,0.15,150.0,-284.8973577791721,38.844305530571866,3.010122024212474,3.8315935605817297,0.0,707.6380157191597,1.152490884065628,False
0.16,0.0005,0.25,75.0,-285.4809071538073,38.86075574177921,3.0423554332492166,3.8524780998463664,0.0,683.1321544007515,1.1768483370542526,False
0.1,0.006,0.2,40.0,-285.4938776576986,39.1688982510497,2.9990863942623305,3.8375287677278767,0.0,693.4764851593645,1.0329142361879349,False
0.16,0.002,0.05,150.0,-286.2208938181098,38.67658477961993,3.0610444686674874,3.84836474298269,0.0,696.9091361930405,1.2768683284521103,False
0.16,0.001,0.2,100.0,-286.29564118615383,38.82753393284029,3.0631534681226924,3.8562383036777774,0.0,683.8700487343449,1.1840055286884308,False
0.2,0.004,0.05,40.0,-286.43575126808406,38.64840915605127,3.085417993901696,3.8603971558438452,0.0,680.4937623176374,1.3643814027309418,False
0.12,0.006,0.15,40.0,-286.48740099086524,39.05594327566778,3.0375922318998807,3.8497058965194437,0.0,687.4089248674572,1.1009351164102554,False
0.1,0.002,0.25,100.0,-286.703806579252,39.14601210837323,3.022555322285746,3.846115574518571,0.0,695.1174531385623,1.0147112905979156,False
0.06,0.004,0.25,75.0,-286.93623541324007,39.44928927568945,2.9528094366788213,3.831815596152981,0.0,709.9627602591936,0.9119430631399155,False
0.2,0.0005,0.15,100.0,-287.00801381936674,38.68064868569714,3.089617992256941,3.8664196008870126,0.0,678.4144707598898,1.3177434206008911,False
0.16,0.002,0.15,75.0,-287.03573710351066,38.83104848861356,3.0768547554704937,3.8606363560925145,0.0,682.642383692626,1.2046521455049515,False
0.08,0.004,0.2,75.0,-287.10165583673313,39.28874245071035,2.9981485428308776,3.841068684723966,0.0,701.0634818155959,0.9810332506895065,False
0.16,0.0005,0.25,40.0,-287.56324134935096,38.92747556440006,3.069048499408667,3.868981737675949,0.0,677.2018949503399,1.1687708348035812,False
0.1,0.004,0.15,75.0,-287.57420071353874,39.153035596872535,3.0354020877320593,3.850758997452089,0.0,694.0750952116796,1.0480247735977173,False
0.12,0.002,0.2,100.0,-287.58237301120386,39.03212414467692,3.0579857470015597,3.856965388124663,0.0,689.1025356364644,1.0778085887432098,False
0.16,0.002,0.2,40.0,-287.60660696024513,38.89632384401338,3.0772885991015517,3.8675374212475853,0.0,677.8965561926016,1.1911061853170395,False
0.2,0.001,0.15,40.0,-287.60754790882925,38.71140158571032,3.095869233676105,3.871608494108804,0.0,675.7972616588231,1.3201038390398026,False
0.12,0.001,0.25,150.0,-287.87984767485915,39.03713102172242,3.060802777783966,3.8605686110558795,0.0,689.099699843413,1.0669268518686295,False
0.12,0.004,0.1,75.0,-288.1889609314546,39.03604797299651,3.0663288762125895,3.860154789714355,0.0,688.4947173568216,1.1144694983959198,False
0.2,0.0005,0.15,75.0,-288.27915444956716,38.72170299053471,3.1061439464715597,3.8765956813144538,0.0,674.6606334017124,1.3092937022447586,False
0.16,0.006,0.05,40.0,-288.38981331630504,38.86918660887805,3.0959744442332835,3.8706185888004656,0.0,678.6860283162023,1.2350862473249435,False
0.2,0.001,0.1,100.0,-288.56831980985265,38.68737904624386,3.1165792428171546,3.8767916021332627,0.0,676.5360548386743,1.306975856423378,False
0.2,0.002,0.05,75.0,-288.99183717948597,38.68877896579118,3.123668679107988,3.87926016164789,0.0,676.0227998546579,1.3341262638568878,False
0.16,0.001,0.2,75.0,-289.1595717712386,38.9214576540663,3.101280772026732,3.8791005602422275,0.0,675.1604669083172,1.1634832918643951,False
0.16,0.002,0.1,100.0,-289.2617029013844,38.8451105918071,3.1111386757256545,3.8758357477316703,0.0,680.4754493713044,1.2053337544202805,False
0.08,0.006,0.05,75.0,-289.47820990143316,39.313633354101185,3.033491248990844,3.857174742385622,0.0,698.3147595117334,1.0009724795818329,False
0.16,0.001,0.15,150.0,-289.7222982452649,38.85006685304391,3.117172220927683,3.8799005737134395,0.0,680.1053603857526,1.2073944956064224,False
0.06,0.006,0.1,75.0,-289.78885525335056,39.483820337182294,2.9968326467933455,3.851218731016085,0.0,706.2237160590885,0.9301189929246902,False
0.2,0.002,0.1,40.0,-290.00567503974855,38.749875039042486,3.133424777431506,3.8889172523227504,0.0,670.9720390667208,1.3343566358089447,False
0.1,0.004,0.25,40.0,-290.0650016934004,39.319757173030744,3.063553651855598,3.874232831514613,0.0,679.4799817237217,0.9945722222328186,False
0.2,0.0005,0.15,40.0,-290.3354019142472,38.78053485530206,3.1325074173780347,3.8927550696830973,0.0,669.2560204949987,1.3127049505710602,False
0.16,0.0005,0.2,150.0,-290.64748354073055,38.932005693138514,3.1239851132838687,3.8898519917149676,0.0,673.6732822124177,1.1676039099693298,False
0.12,0.004,0.2,40.0,-291.1097633203117,39.19500505774257,3.101933320078988,3.886341806252166,0.0,674.1279793158801,1.0688158124685287,False
0.2,0.001,0.05,150.0,-291.2491150081877,38.70123141482742,3.155924627201892,3.895151905530473,0.0,674.2280491565762,1.3289335817098618,False
0.2,0.001,0.1,75.0,-291.35584691866956,38.77027068862179,3.1532145018096234,3.8988484551926605,0.0,668.7307674456824,1.3029804676771164,False
0.1,0.004,0.05,100.0,-291.66574213447007,39.19044792953913,3.0946152271757716,3.8792233285788225,0.0,689.8148235148965,1.0637595653533936,False
0.08,0.004,0.1,100.0,-291.7899710308322,39.337871219979746,3.068217087041594,3.8738874027609875,0.0,695.5807264997275,0.995237410068512,False
0.06,0.004,0.15,100.0,-292.35156330568014,39.5145461791364,3.0369028879362547,3.869872804566481,0.0,702.7492400634001,0.9250603765249252,False
0.2,0.0005,0.1,150.0,-292.5875584787931,38.77691097502367,3.171177903023608,3.9075700489301632,0.0,667.7152804220532,1.3107835501432419,False
0.16,0.004,0.1,40.0,-292.842581080879,38.987908277342335,3.1568623497403623,3.9054113320030255,0.0,667.17413180109,1.209200918674469,False
0.16,0.0005,0.2,100.0,-293.22610482150156,39.02277287588396,3.1552094947398306,3.9103634079574467,0.0,665.5844579514887,1.160632684826851,False
0.12,0.001,0.25,100.0,-293.6721872696196,39.24980789460048,3.1371581690889085,3.9067025645093034,0.0,669.6514962611436,1.0319919288158417,False
0.12,0.002,0.1,150.0,-293.88936494087335,39.083552535853215,3.146472141512655,3.9006792572054367,0.0,683.0115588793601,1.118965208530426,False
0.1,0.002,0.15,150.0,-293.9010339835159,39.21201970125064,3.126987099909321,3.8961026169433337,0.0,687.2926379618584,1.0530983060598373,False
0.16,0.001,0.2,40.0,-293.9121962316966,39.05735084944981,3.1608956419242964,3.916079645294313,0.0,662.7752894771656,1.1594838052988052,False
0.1,0.002,0.25,75.0,-294.10610960118186,39.391496049930716,3.1254268533880354,3.9041560443335492,0.0,671.8612731901721,0.9702631682157516,False
0.08,0.002,0.2,150.0,-294.1540510616011,39.36364533090123,3.1039139365834356,3.8920104969297045,0.0,692.516769571937,0.986017644405365,False
0.16,0.0005,0.2,75.0,-294.7568266514771,39.070047145932286,3.1731501668361988,3.9222835113633554,0.0,661.4188917127394,1.1512191891670227,False
0.12,0.002,0.2,75.0,-294.8166466445607,39.257430032357185,3.156809735760987,3.9136360000053414,0.0,667.4844167414558,1.045113429427147,False
0.06,0.002,0.25,150.0,-294.81960724747324,39.54457428387063,3.076322354113623,3.8891544714518225,0.0,698.9764630691061,0.9173614978790283,False
0.2,0.0005,0.1,100.0,-295.1206775597125,38.85778355864865,3.2021069217760543,3.927598983063668,0.0,660.3478012501146,1.2943680435419083,False
0.12,0.002,0.25,40.0,-295.206768611258,39.329500178848946,3.1498879952906425,3.9192676785439255,0.0,663.2624919145601,1.0240822434425354,False
0.16,0.001,0.15,100.0,-295.36242108991394,39.03440172195228,3.190555497902002,3.9246245925631893,0.0,662.7489187648607,1.1622830927371979,False
0.2,0.001,0.1,40.0,-295.8826904789135,38.88918536070111,3.2096670668669454,3.933855032126123,0.0,657.6764416565711,1.30564683675766,False
0.16,0.002,0.1,75.0,-296.02483149126704,39.03741432045197,3.201925002798101,3.9286077156718933,0.0,661.8852953907335,1.1847159266471863,False
0.08,0.006,0.2,40.0,-296.33336939866103,39.612453318463096,3.1281623633722373,3.9130066471338507,0.0,669.8977713963686,0.9277951419353485,False
0.06,0.006,0.25,40.0,-296.4258876204231,39.81171780912233,3.0888959274136285,3.905072750350479,0.0,675.6536911913208,0.8553750216960907,False
0.1,0.006,0.15,40.0,-296.4871318107751,39.446553555204396,3.15872323565278,3.9205412257291723,0.0,665.6899748583091,0.9994217157363892,False
0.2,0.0005,0.1,75.0,-296.6022422950364,38.899471820266335,3.219663359148985,3.939083264042881,0.0,656.5722513378132,1.2917812913656235,False
0.2,0.001,0.05,100.0,-296.609739983248,38.86380901773685,3.225695676528701,3.937425329573615,0.0,658.8619393925765,1.2882461994886398,False
0.12,0.006,0.1,40.0,-296.7604647376997,39.3049241845072,3.1831061737369253,3.9273952466110504,0.0,662.520979079316,1.0701463669538498,False
0.16,0.002,0.15,40.0,-297.0812696077327,39.10527217133703,3.20780044886393,3.9386101275894667,0.0,656.6307045585045,1.174679771065712,False
0.16,0.0005,0.2,40.0,-297.23479053356857,39.138185869132144,3.2019205420699217,3.94126947668586,0.0,655.4040125056326,1.149895504117012,False
0.12,0.001,0.25,75.0,-297.23694500774286,39.36147621626616,3.1793690930638507,3.9341878791497593,0.0,659.8717615635887,1.0094452053308487,False
0.08,0.002,0.25,100.0,-297.680861198994,39.5872246007417,3.1536323363689305,3.9226481159338813,0.0,671.4921222976627,0.9165153056383133,False
0.1,0.002,0.2,100.0,-297.7099242944925,39.42144416116158,3.181066739247604,3.928695089708177,0.0,667.3427765420165,0.9831569194793701,False
0.12,0.002,0.15,100.0,-297.84253718111165,39.27959515244041,3.2023137612912604,3.9342349786273303,0.0,664.2759194642276,1.0513245463371277,False
0.1,0.001,0.25,150.0,-297.99092287129315,39.42570410022179,3.1825919710838284,3.932231808105511,0.0,667.4638149292932,0.9785374850034714,False
0.16,0.002,0.05,100.0,-298.24064186463715,39.050226990642514,3.233075532396848,3.9435721242396125,0.0,660.009501646753,1.1845309883356094,False
0.12,0.004,0.05,75.0,-298.266481639328,39.28211929509994,3.2076325796482466,3.9363734365598257,0.0,663.9053946455824,1.0790915936231613,False
0.12,0.001,0.2,150.0,-298.27092381100846,39.28454467828756,3.206365461495879,3.9383414961832623,0.0,664.0179410851997,1.0525265485048294,False
0.2,0.002,0.05,40.0,-298.35667248149946,38.927523207664386,3.2448268049053657,3.951521995109397,0.0,653.2580256736255,1.3150700777769089,False
0.1,0.004,0.1,75.0,-298.3859086508142,39.426580645784014,3.1901411107105258,3.93236120940949,0.0,666.6870732121315,1.0110964179039001,False
0.08,0.004,0.15,75.0,-298.7356383902482,39.59698309637177,3.168743666290272,3.9285003063898722,0.0,670.2484019005788,0.9417895823717117,False
0.16,0.001,0.15,75.0,-298.7667488490815,39.13035875760776,3.231118327853991,3.950851329864423,0.0,653.9912093151652,1.1499349921941757,False
0.16,0.001,0.1,150.0,-298.8160005487617,39.055061009050696,3.2402685387588654,3.9482031133417848,0.0,659.5760733763705,1.1830321103334427,False
0.2,0.0005,0.1,40.0,-298.9574708596248,38.95911109620923,3.2472911495782792,3.9570590385671913,0.0,651.1628923724638,1.2955970913171768,False
0.12,0.0005,0.25,150.0,-299.157315107499,39.37650029286532,3.2071983622764595,3.948028221031088,0.0,657.8027085395352,0.9993628561496735,False
0.06,0.004,0.2,75.0,-299.4949385504701,39.80269352454751,3.142236565723588,3.925413134094129,0.0,674.8969624302626,0.8710782378911972,False
0.2,0.001,0.05,75.0,-299.814175959519,38.94793267820279,3.2644065785504446,3.962012811416832,0.0,651.0675859162147,1.289090782403946,False
0.16,0.0005,0.15,150.0,-300.30646344380807,39.14004836989104,3.2526187018262265,3.961722743040953,0.0,652.6639585439407,1.14984592795372,False
0.2,0.0005,0.05,150.0,-301.07395548686367,38.954037787828916,3.2814327748722847,3.9707567699221116,0.0,650.1430961869119,1.2864741757512093,False
0.08,0.004,0.25,40.0,-302.2078267626555,39.784404277320654,3.199096753411419,3.957944469816871,0.0,654.7306856293426,0.8922443985939026,False
0.06,0.006,0.05,75.0,-302.29035841870444,39.83210850258737,3.1808271298072763,3.9442919310773097,0.0,671.7441537955601,0.884258508682251,False
0.1,0.004,0.2,40.0,-302.3247417849707,39.603093678699324,3.229931360067731,3.9649343110430366,0.0,651.2701214143017,0.9689794033765793,False
0.12,0.0005,0.25,100.0,-302.3581921048118,39.483622151335375,3.240825567180962,3.9724756009462454,0.0,648.9190666332215,0.9948887974023819,False
0.12,0.004,0.15,40.0,-302.43146018504456,39.44809430992489,3.2529504061653283,3.970375068944956,0.0,649.1148223401833,1.0435672849416733,False
0.16,0.004,0.05,40.0,-302.59003502085454,39.196417651501,3.2827844654071248,3.977947970665784,0.0,646.729189103673,1.1837061494588852,False
0.12,0.001,0.25,40.0,-303.1375183185911,39.523498534186174,3.245121958950961,3.978614450161832,0.0,646.0210508557502,0.9903868287801743,False
0.16,0.0005,0.15,100.0,-303.4079610381434,39.23321653664728,3.286588195988437,3.98548836678946,0.0,644.474102574386,1.1346815079450607,False
0.08,0.004,0.05,100.0,-303.5627388454802,39.641919089334884,3.233647996023813,3.9617968600456335,0.0,665.3662214414642,0.9544351398944855,False
0.2,0.0005,0.05,100.0,-304.0220993195266,39.03633761362167,3.31475653586455,3.9933168742691962,0.0,642.7429323875804,1.2702560648322105,False
0.12,0.002,0.05,150.0,-304.24758129342104,39.32686488042107,3.2843560499272924,3.9780454711594277,0.0,658.8612248267164,1.0853072106838226,False
0.12,0.0005,0.25,75.0,-304.2531450587304,39.53960016403726,3.260220637826649,3.986689990053714,0.0,644.3376623856311,0.9850210249423981,False
0.16,0.001,0.15,40.0,-304.31150467874613,39.26881456272825,3.294079633162596,3.992623613423943,0.0,641.5696242164486,1.1441726982593536,False
0.2,0.001,0.05,40.0,-304.95111738496576,39.06833532394238,3.3236052006250203,4.0006264126497,0.0,640.034697460942,1.289074257016182,False
0.1,0.002,0.1,150.0,-305.1170760626936,39.48273165136258,3.278022129611623,3.9795663143602575,0.0,660.451463732592,1.0173358917236328,False
0.06,0.004,0.1,100.0,-305.182075738484,39.86198033287865,3.2204346610006414,3.964796858842058,0.0,668.4586685442628,0.8819499760866165,False
0.16,0.0005,0.15,75.0,-305.2188878715667,39.28149432722748,3.305934668884123,3.999119998901837,0.0,640.2664481670745,1.1275942102074623,False
0.1,0.001,0.25,100.0,-305.38583222619343,39.66415500226356,3.2668752812212065,3.9884590567715907,0.0,646.6086945673451,0.9376305639743805,False
0.12,0.001,0.2,100.0,-305.44380382946446,39.50439069070808,3.288863362887394,3.993076470703058,0.0,644.3139791448775,1.0066674798727036,False
0.16,0.001,0.1,100.0,-305.51475424850787,39.24356009087037,3.319040330127237,3.999399871313777,0.0,642.1719154312977,1.1412452459335327,False
0.2,0.0005,0.05,75.0,-305.72373689917583,39.07862063949234,3.3334631017671237,4.0061180740080475,0.0,638.9548165746965,1.2731700390577316,False
0.16,0.002,0.05,75.0,-306.0593561605754,39.24597544134198,3.3273400258987227,4.002656140406411,0.0,641.5932419031524,1.1633307188749313,False
0.08,0.002,0.15,150.0,-306.37475874159867,39.66806933300349,3.2705564845490955,3.9823989535361237,0.0,662.3912564390412,0.9479416161775589,False
0.12,0.002,0.15,75.0,-306.5810296045076,39.510906434156794,3.3074781662737722,4.000077198605339,0.0,642.6521652204192,1.0243712067604065,False
0.1,0.002,0.2,75.0,-306.89068909845986,39.67516002041739,3.290766786184021,3.997714434758396,0.0,643.921941909226,0.9502294063568115,False
0.08,0.002,0.25,75.0,-307.29341444793783,39.86819609166979,3.2683288445793464,3.994556048953182,0.0,646.2028686717131,0.8734138309955597,False
0.12,0.0005,0.25,40.0,-307.31316328221243,39.62117414919788,3.291390253406395,4.009331186931549,0.0,637.7110918312392,0.9765953123569489,False
0.1,0.002,0.25,40.0,-307.37904135413027,39.752794037409586,3.2806832591229504,4.003756585771801,0.0,639.9045383749544,0.9263243526220322,False
0.12,0.002,0.2,40.0,-307.5463305829446,39.58716304542431,3.305907831762253,4.009339493505136,0.0,637.6205660604246,1.0048113465309143,False
0.16,0.002,0.1,40.0,-307.66449591782487,39.31635616554689,3.3393214568122316,4.016097478272239,0.0,635.9435542085339,1.1559811756014824,False
0.16,0.0005,0.15,40.0,-308.10856990398315,39.35109066352284,3.336598299732927,4.02057017810964,0.0,634.2084179297963,1.1310767829418182,False
0.06,0.002,0.2,150.0,-308.2419242668831,39.89328425429192,3.2616953432304836,3.987427799993768,0.0,664.7855474685566,0.8766793608665466,False
0.2,0.0005,0.05,40.0,-308.3924878522091,39.139035728123325,3.3624628683196347,4.025926114642959,0.0,633.5422512797813,1.2776212319731712,False
0.12,0.006,0.05,40.0,-308.54154718587415,39.55791315599649,3.329965104961218,4.013961947629103,0.0,638.1739595378167,1.0400068312883377,False
0.16,0.001,0.05,150.0,-308.94725868394085,39.262591813345715,3.363900781867821,4.022495947592676,0.0,639.4790895673359,1.1599282324314117,False
0.1,0.006,0.1,40.0,-309.33112268216354,39.72931277253299,3.3203222599337017,4.014602730646252,0.0,638.5170901393453,0.9670187830924988,False
0.16,0.001,0.1,75.0,-309.4982157963982,39.3414869566907,3.3623102903759707,4.029085199779834,0.0,633.3704993085994,1.1358633264899254,False
0.12,0.002,0.1,100.0,-309.5882787691637,39.53083910370317,3.347992113512301,4.020288261471761,0.0,639.9896603402449,1.027358040213585,False
0.12,0.001,0.2,75.0,-309.76511448696976,39.61923544471809,3.3343922792624827,4.025157948011612,0.0,634.3855810011373,0.9857286959886551,False
0.1,0.001,0.25,75.0,-309.8715332608933,39.78951147058997,3.31322936046805,4.021611497339296,0.0,636.1673492374757,0.9147296100854874,False
0.12,0.001,0.15,150.0,-310.20646261159095,39.53616262394924,3.354631864561407,4.02534309357886,0.0,639.5259790990949,1.0262823551893234,False
0.08,0.006,0.15,40.0,-310.42267224293744,39.933511926525384,3.3073947815052716,4.015624011855098,0.0,639.2279201136407,0.8926206231117249,False
0.1,0.002,0.15,100.0,-310.55215248269246,39.70245153241981,3.341709120098435,4.022372791805486,0.0,640.2287758414896,0.9571000933647156,False
0.1,0.004,0.05,75.0,-310.9746650267386,39.70539709738004,3.346839213303373,4.024510001819366,0.0,639.8769649768074,0.9757531881332397,False
0.1,0.001,0.2,150.0,-311.0188217448189,39.70715271005078,3.3452588158689607,4.026718662559739,0.0,639.9879190551437,0.9573933780193329,False
0.16,0.0005,0.1,150.0,-311.0817462163807,39.3504343637347,3.382673762345713,4.040002783745961,0.0,632.17557052747,1.1341562196612358,False
0.12,0.0005,0.2,150.0,-311.78775803301636,39.63326489270367,3.360988655072658,4.039335606181328,0.0,632.5514295319663,0.9860181510448456,False
0.08,0.002,0.2,100.0,-311.82448828946906,39.90627776786799,3.332466959517886,4.025033231555395,0.0,640.7772100972397,0.8850402235984802,False
0.06,0.006,0.2,40.0,-312.0074994510999,40.18375851620741,3.2897855885317204,4.017486061891529,0.0,640.5466404895415,0.8173703104257584,False
0.08,0.001,0.25,150.0,-312.0421053675225,39.90896046447389,3.3320108021640795,4.028201354604152,0.0,641.1200289312728,0.8824311196804047,False
0.1,0.0005,0.25,150.0,-312.172482791232,39.807305081056136,3.343797658220712,4.037883938894959,0.0,633.8218721146623,0.9088002443313599,False
0.08,0.004,0.1,75.0,-312.58333917167124,39.912662879572785,3.3422040306475926,4.02923074064616,0.0,640.0719754301535,0.9039407819509506,False
0.06,0.002,0.25,100.0,-313.5356936147527,40.15467118286932,3.3179469494830993,4.028528108604112,0.0,642.040870167999,0.8127509355545044,False
0.16,0.0005,0.1,100.0,-314.74905011166766,39.44579161088776,3.4193832949688288,4.0671514179606225,0.0,623.9019472846849,1.1126738265156746,False
0.06,0.004,0.15,75.0,-314.8669078498565,40.1676699686653,3.3359494416429745,4.0361092453929555,0.0,640.510058854692,0.8303409069776535,False
0.12,0.004,0.1,40.0,-315.28122362665465,39.70472588826567,3.4042166095358652,4.063149653600483,0.0,624.7845534814696,1.0157790929079056,False
0.12,0.0005,0.2,100.0,-315.7321382209168,39.744151899711746,3.3983428500315718,4.068306016323598,0.0,623.4072882903456,0.9716504067182541,False
0.16,0.001,0.1,40.0,-315.8817440004202,39.482481058082364,3.428464106523151,4.075714994886294,0.0,620.928654454241,1.12711451202631,False
0.1,0.0005,0.25,100.0,-316.2249544704217,39.92789717225322,3.3806521922844373,4.067428735224758,0.0,624.4181399617664,0.8986896127462387,False
0.1,0.004,0.15,40.0,-316.5193432476012,39.89146190628295,3.3984324353236968,4.066929886576356,0.0,623.9053540613768,0.94106425344944,False
0.16,0.001,0.05,100.0,-316.72765594485935,39.45500863994441,3.4472215871881993,4.080032724466688,0.0,622.1338099370728,1.1241672411561012,False
0.12,0.001,0.2,40.0,-316.8184040857401,39.7860853930732,3.4050842240948103,4.076429184449669,0.0,620.3054612422857,0.9727339893579483,False
0.16,0.0005,0.1,75.0,-316.8595676210657,39.49509122879342,3.4400644082797,4.082538227954507,0.0,619.6643566051425,1.1104200184345245,False
0.1,0.001,0.25,40.0,-317.2252762834954,39.972518722631825,3.3851349031474394,4.074802918406692,0.0,621.4326162232137,0.8922092467546463,False
0.08,0.004,0.2,40.0,-317.9833081102872,40.11446888623598,3.387206877812899,4.070510068955049,0.0,623.4383314328879,0.863386482000351,False
0.12,0.0005,0.2,75.0,-318.0262244928066,39.802222666959004,3.419626660113255,4.084900215635647,0.0,618.7062617092961,0.9605215266346931,False
0.1,0.002,0.05,150.0,-318.04881151744564,39.758715585487714,3.4309435583398815,4.072976351233161,0.0,634.1494105459533,0.9823892414569855,False
0.1,0.0005,0.25,75.0,-318.59585304104877,39.99109281944368,3.401802437773033,4.08445728311827,0.0,619.5808248728335,0.8865064829587936,False
0.12,0.001,0.15,100.0,-318.9030909972738,39.762703722565604,3.4437891480272604,4.089171067336586,0.0,619.6158329300088,0.9825358390808105,False
0.16,0.002,0.05,40.0,-319.3175653489809,39.52951552010911,3.4703030648905244,4.099372311297928,0.0,615.8523814470946,1.1336364448070526,False
0.06,0.004,0.25,40.0,-319.7614886738072,40.38576982803732,3.3685265749840414,4.0736344702236975,0.0,624.05931467856,0.7839792668819427,False
0.12,0.002,0.1,75.0,-319.8790034491917,39.76796631409011,3.4584902714197097,4.095151320578809,0.0,618.5103960677952,1.0002158284187317,False
0.1,0.001,0.2,100.0,-320.17444616603245,39.955023250460805,3.4368425225984405,4.093495667034105,0.0,618.7634214313493,0.9106383770704269,False
0.16,0.0005,0.1,40.0,-320.17521836183073,39.56606659094317,3.4723943018331522,4.106413645135278,0.0,613.5942579031398,1.112412340939045,False
0.06,0.004,0.05,100.0,-320.73931370238995,40.22110315338513,3.408090969245617,4.0759455018701365,0.0,634.8090492298834,0.8394668251276016,False
0.08,0.002,0.1,150.0,-320.74039993918456,39.98014333439166,3.439986906789816,4.085334828284819,0.0,632.8506048624986,0.9104172885417938,False
0.16,0.001,0.05,75.0,-321.30773240289136,39.55468708270787,3.4931816233326467,4.113117557449931,0.0,613.3388909168716,1.1179176643490791,False
0.12,0.002,0.15,40.0,-321.62043255697483,39.848747577073574,3.464784734258796,4.109239144575952,0.0,612.7124814020935,0.9837199151515961,False
0.1,0.002,0.15,75.0,-321.6610941696282,39.96420566953706,3.4592090537494116,4.102708366767862,0.0,616.7496728798833,0.9264807254076004,False
0.08,0.001,0.25,100.0,-321.68573535192183,40.18323579334903,3.4257546542603636,4.0978740358270915,0.0,618.7061502864672,0.8374806195497513,False
0.12,0.0005,0.2,40.0,-321.68972608900117,39.88602135225079,3.453590490139315,4.111087679022523,0.0,611.9154261546619,0.9568107575178146,False
0.1,0.0005,0.25,40.0,-322.39518065619177,40.08294639514123,3.435706765144131,4.1114326074256935,0.0,612.5891151033647,0.8752103000879288,False
0.12,0.002,0.05,100.0,-322.8408210727349,39.786037958086744,3.494713854088657,4.114705313839149,0.0,616.2447804455005,1.0027426481246948,False
0.1,0.002,0.2,40.0,-322.88853970952647,40.048169682127195,3.4555797182900845,4.113323956973593,0.0,611.6655813717734,0.9042311310768127,False
0.16,0.0005,0.05,150.0,-322.9331860805078,39.56309722008784,3.5125332997407765,4.124055052971696,0.0,612.2521407047352,1.1136899888515472,False
0.12,0.001,0.1,150.0,-323.67109111024394,39.791724796507246,3.5035366364503706,4.120882190686428,0.0,615.661391211288,1.0000751316547394,False
0.08,0.002,0.2,75.0,-323.7728828360877,40.19906838763523,3.455681760644649,4.110768079158428,0.0,615.197659423131,0.8489269018173218,False
0.12,0.001,0.15,75.0,-324.0506110592877,39.88073587655685,3.4926894075339865,4.126047152784945,0.0,609.5902741680547,0.9689901322126389,False
0.1,0.006,0.05,40.0,-324.09131400981215,40.017388946902706,3.4837799028839385,4.119409669244824,0.0,611.9493364700866,0.9354862123727798,False
0.08,0.002,0.25,40.0,-324.30759709295234,40.28494365160602,3.4405736694007976,4.116672215043707,0.0,611.7277386919304,0.823201410472393,False
0.06,0.002,0.15,150.0,-324.40494099358,40.2532985835726,3.451257229886909,4.101865642104504,0.0,631.1992351261724,0.8363729268312454,False
0.1,0.002,0.1,100.0,-325.26998971671014,39.988621474976796,3.5039668615157598,4.126587441540453,0.0,613.7346206771945,0.9303533732891083,False
0.1,0.001,0.2,75.0,-325.6291606332275,40.085111313011076,3.487156913661219,4.132296549039177,0.0,608.097590704605,0.8899312764406204,False
0.1,0.001,0.15,150.0,-326.015186663077,39.994295935099586,3.511211585479474,4.132402393630457,0.0,613.1990307455544,0.9285706877708435,False
0.12,0.0005,0.15,150.0,-326.1556828179578,39.89380085958283,3.5179576933533965,4.140377693143763,0.0,607.954248890157,0.9723059386014938,False
0.06,0.002,0.25,75.0,-326.3895211425148,40.486621389042966,3.4473785788419837,4.119645499949095,0.0,614.3713869779058,0.7693719416856766,False
0.08,0.006,0.1,40.0,-326.93075714655623,40.26264432420202,3.4893744064266192,4.131956879413471,0.0,609.2424356610281,0.8590375632047653,False
0.16,0.0005,0.05,100.0,-327.20403747156223,39.66047302132732,3.552398094140936,4.154661013015235,0.0,603.9214011558506,1.0950717628002167,False
0.08,0.001,0.25,75.0,-327.4541278837687,40.32804426113013,3.4770229039267475,4.138495457719079,0.0,607.56446376034,0.814276710152626,False
0.1,0.0005,0.2,150.0,-328.06749466443154,40.101421395376335,3.5164982549020123,4.14900328427257,0.0,606.0138182315677,0.8924167901277542,False
0.08,0.002,0.15,100.0,-328.35122341650407,40.232744810470365,3.513779893304839,4.14105821230389,0.0,610.84831377089,0.8560468256473541,False
0.16,0.001,0.05,40.0,-328.57715503174927,39.69821173040691,3.5630796228376087,4.164651961459719,0.0,600.8953189608437,1.1077198311686516,False
0.08,0.004,0.05,75.0,-328.7484901331058,40.23594435675359,3.5183762028861807,4.143019079406085,0.0,610.5378543166153,0.8686847388744354,False
0.08,0.001,0.2,150.0,-328.8539163151196,40.23697910468144,3.516618805777744,4.145602630341402,0.0,610.6444072309168,0.8551783710718155,False
0.16,0.0005,0.05,75.0,-329.63347144626476,39.710844764979356,3.5745890715833033,4.171834538466277,0.0,599.6585248428073,1.0945954099297523,False
0.12,0.004,0.05,40.0,-329.7152976275564,39.96492306013454,3.5562404228242324,4.164418309935044,0.0,601.0402167773573,0.9874079748988152,False
0.08,0.0005,0.25,150.0,-330.29156979323574,40.34882710697705,3.511130786676873,4.158054075453964,0.0,604.8526666682301,0.8120538145303726,False
0.06,0.006,0.15,40.0,-330.70067650438125,40.567258853125956,3.4944982812791787,4.147749404792763,0.0,606.2308979819863,0.7805919647216797,False
0.12,0.0005,0.15,100.0,-330.9053574551641,40.00862082984124,3.559005699543964,4.174000060952212,0.0,598.6388877888385,0.9494260028004646,False
0.12,0.001,0.15,40.0,-332.32375941107637,40.05206626524396,3.568036944536741,4.184154185711552,0.0,595.3915203509896,0.953112781047821,False
0.06,0.002,0.2,100.0,-332.37234458893624,40.53604077100954,3.523486962553087,4.159026440812665,0.0,607.5719763413344,0.779996857047081,False
0.06,0.001,0.25,150.0,-332.4112561041111,40.53571197080912,3.5197632718048766,4.161123373726739,0.0,608.3525386294968,0.7780069410800934,False
0.1,0.004,0.1,40.0,-332.65334487705815,40.18491032033747,3.567278858264335,4.179394186301543,0.0,597.3366711762792,0.9115065187215805,False
0.1,0.0005,0.2,100.0,-333.0719470327879,40.22731422935287,3.557707399808702,4.184090445498353,0.0,596.2570085888728,0.8739375174045563,False
0.06,0.004,0.1,75.0,-333.22850215498374,40.543755152296455,3.5337252078531254,4.163782816750256,0.0,606.8212590512994,0.7917029708623886,False
0.16,0.0005,0.05,40.0,-333.40485943047076,39.78298408041522,3.6087535057455757,4.198194459326897,0.0,593.5697992273563,1.0941545218229294,False
0.12,0.0005,0.15,75.0,-333.63358574189886,40.068266367830866,3.5822086950843843,4.1930538945701645,0.0,593.8545465253846,0.9413348957896233,False
0.12,0.001,0.1,100.0,-334.01277850762244,40.02453690418157,3.6002629715868135,4.194066336744024,0.0,595.6316794652939,0.9614633321762085,False
0.1,0.001,0.2,40.0,-334.46270138678506,40.27425246407856,3.5649834470337574,4.193897771090858,0.0,593.0072976273987,0.8719673752784729,False
0.12,0.002,0.05,75.0,-334.747936013046,40.02848490630968,3.6100380432882826,4.198476603166897,0.0,594.9658018004848,0.9752621129155159,False
0.08,0.0005,0.25,100.0,-335.521735647551,40.488343901178006,3.55165838124866,4.194227167541441,0.0,594.9841528058278,0.796843409538269,False
0.1,0.0005,0.2,75.0,-335.95559809107647,40.2929387057241,3.5811001692909588,4.2040435965589324,0.0,591.2473784571339,0.8627017959952354,False
0.08,0.004,0.15,40.0,-336.3032347017954,40.45174779894354,3.5781183891119754,4.197078843240188,0.0,593.1491821515774,0.8333797976374626,False
0.08,0.001,0.25,40.0,-336.81460214354604,40.53946285936825,3.556147063812736,4.203099728597753,0.0,592.011513907768,0.7884030342102051,False
0.1,0.001,0.15,100.0,-337.13633386526215,40.25115391198394,3.6108811907022877,4.210405244067944,0.0,591.6850897522963,0.8847850486636162,False
0.08,0.002,0.05,150.0,-337.33719879067155,40.29950664555612,3.611872003169709,4.200485232403312,0.0,603.919596858439,0.874357670545578,False
0.12,0.002,0.1,40.0,-337.39487457023546,40.11386254575598,3.625226563452604,4.218029594706041,0.0,588.5602713124099,0.9612086415290833,False
0.12,0.0005,0.15,40.0,-337.9346239219241,40.154302762458805,3.6187789411166635,4.222766361285805,0.0,586.9653550153016,0.9376647993922234,False
0.1,0.002,0.1,75.0,-338.3755099112388,40.258092010780096,3.6279790809794985,4.217983590971061,0.0,590.3941343103797,0.9000004976987839,False
0.08,0.0005,0.25,75.0,-338.5460968576252,40.5612924896814,3.5748208292974772,4.214884088936277,0.0,589.9675586779726,0.784563772380352,False
0.12,0.001,0.05,150.0,-338.6895195576526,40.0512736596159,3.653090559135356,4.224500098342401,0.0,592.3601739770384,0.9747639372944832,False
0.12,0.001,0.1,75.0,-340.0606050030508,40.14606228427754,3.652940343654815,4.235912120168568,0.0,585.5178179938666,0.9497280269861221,False
0.1,0.0005,0.2,40.0,-340.5319590257875,40.388208486516,3.6183527721065882,4.2353845830442305,0.0,584.0112310079676,0.8557802960276604,False
0.1,0.002,0.15,40.0,-340.640016872695,40.34853242927747,3.6342296410789254,4.234913109491461,0.0,584.3120066551974,0.8808452486991882,False
0.08,0.001,0.2,100.0,-340.82847523231754,40.524749028085836,3.6193055699240455,4.228561771898205,0.0,587.6554262522586,0.8084554374217987,False
0.06,0.004,0.2,40.0,-340.8286309731597,40.783446089347734,3.5854457902284986,4.217357581432709,0.0,588.7488679580711,0.7521004602313042,False
0.1,0.002,0.05,100.0,-341.9019008843909,40.27998282484578,3.667552769113714,4.240797740570683,0.0,587.8582495403825,0.9033689871430397,False
0.12,0.0005,0.1,150.0,-342.2375397250289,40.158021000695435,3.6769500839942717,4.250289302767943,0.0,584.0470666668698,0.949310190975666,False
0.08,0.002,0.15,75.0,-342.87431429219765,40.53752619650174,3.6469970702778536,4.2411850323417895,0.0,585.1108396755917,0.8220326006412506,False
0.1,0.001,0.1,150.0,-342.95158449486684,40.28668195179275,3.677803829097738,4.248250049903297,0.0,587.1547811994224,0.9008643850684166,False
0.08,0.0005,0.25,40.0,-343.354792660661,40.66744509648306,3.6118509946414856,4.247406362060336,0.0,582.7804942859075,0.7707329764962196,False
0.06,0.002,0.1,150.0,-343.4600901525687,40.62499149661077,3.6445416928171324,4.232189359920699,0.0,598.2697920064093,0.7975213676691055,False
0.1,0.001,0.15,75.0,-343.66043097558565,40.385672172802856,3.665319321676297,4.255117742968222,0.0,580.8651777587802,0.8698962181806564,False
0.08,0.002,0.2,40.0,-344.39765089764137,40.63248242015919,3.639881656205143,4.253049564895528,0.0,580.1366339098195,0.7981114089488983,False
0.06,0.001,0.25,100.0,-345.3352126288783,40.86175777211735,3.624943295561573,4.249143778493133,0.0,584.3366393666984,0.7306807115674019,False
0.08,0.006,0.05,40.0,-345.9682947300062,40.5994949916196,3.674035056806133,4.261619916836519,0.0,579.9320492268889,0.8253875747323036,False
0.1,0.0005,0.15,150.0,-346.2100910000695,40.40091015776868,3.6932723445568802,4.272009845259388,0.0,579.006512830776,0.873109981417656,False
0.08,0.002,0.1,100.0,-347.3328291787906,40.566992229542855,3.6971339859509977,4.2699903839493745,0.0,581.6349942002066,0.8263543024659157,False
0.12,0.0005,0.1,100.0,-347.86793772101606,40.27642948076867,3.7217472452422866,4.288755217255494,0.0,574.6006489894789,0.9278602749109268,False
0.08,0.001,0.2,75.0,-347.8848869016439,40.676014256544775,3.675427774535724,4.276304519978591,0.0,576.1531721547071,0.7876930385828018,False
0.08,0.001,0.15,150.0,-348.270020910232,40.573065277213075,3.705384167911764,4.276910499579054,0.0,580.9947712520152,0.8245479166507721,False
0.06,0.002,0.2,75.0,-348.45336334706167,40.88612925850731,3.66402813523007,4.2682054601565,0.0,579.3469430364057,0.7405733317136765,False
0.06,0.002,0.25,40.0,-348.8306629367976,40.983066131640825,3.6404646347262317,4.27236895814058,0.0,577.3644516083368,0.7134320884943008,False
0.12,0.001,0.1,40.0,-349.63770453591604,40.32143787021195,3.7328335033599913,4.300932066614803,0.0,571.254370779061,0.93195690959692,False
0.12,0.001,0.05,100.0,-350.71439166621565,40.29027052259717,3.756097127863922,4.3067103393553765,0.0,572.3791990332174,0.9396662190556526,False
0.1,0.004,0.05,40.0,-350.81789736480385,40.483374938205614,3.7372413053020774,4.302053882996931,0.0,571.4331673739398,0.8817627727985382,False
0.08,0.0005,0.2,150.0,-350.91773302026826,40.69529401375489,3.708365664565795,4.296455006443652,0.0,573.7371874533419,0.7912760674953461,False
0.12,0.0005,0.1,75.0,-351.06139048340793,40.33768247240663,3.746806223103879,4.310302524640683,0.0,569.7636597442252,0.9231989309191704,False
0.1,0.0005,0.15,100.0,-352.2606617126909,40.53158523798601,3.7389264893313037,4.312843965024894,0.0,569.0064357297288,0.8500822931528091,False
0.06,0.006,0.1,40.0,-352.71165935581587,40.963262131382876,3.7032636092455817,4.295591501887636,0.0,572.6689593313495,0.7445077076554298,False
0.06,0.001,0.25,75.0,-352.9520470760732,41.03502054208639,3.6821130537994082,4.299783577713993,0.0,572.7159123423444,0.707123227417469,False
0.1,0.001,0.15,40.0,-354.0800479010259,40.58102735010343,3.748865723855478,4.325158047805865,0.0,565.5662600256328,0.8498257622122765,False
0.06,0.002,0.15,100.0,-354.43887167360845,40.92872311098061,3.7319451063551563,4.306698095062474,0.0,574.065825504149,0.7473282814025879,False
0.06,0.004,0.05,75.0,-354.7604771619622,40.931716023510916,3.735450363920038,4.308139075261977,0.0,573.8372230979512,0.7550330460071564,False
0.12,0.002,0.05,40.0,-354.7829915382895,40.38221806654599,3.7847942482241415,4.334455510692983,0.0,565.2216863523718,0.9355958700180054,False
0.06,0.001,0.2,150.0,-354.96095978095093,40.931991991895764,3.7336903047130963,4.311302590417015,0.0,573.9419300851732,0.7458247318863869,False
0.1,0.0005,0.15,75.0,-355.7096461004512,40.599746325833934,3.764645436174617,4.335840570191204,0.0,563.872968075465,0.8415805473923683,False
0.12,0.0005,0.1,40.0,-356.03176255598413,40.425998208686806,3.7857896419452994,4.343488796589732,0.0,562.8253233157739,0.917139321565628,False
0.1,0.001,0.1,100.0,-356.22422719499684,40.5522118970167,3.7868653715038136,4.337901135947071,0.0,565.4440787022595,0.8622198775410652,False
0.06,0.0005,0.25,150.0,-356.5843786129518,41.05965232856434,3.720906727510661,4.3239449033710615,0.0,569.5011309425281,0.7069007456302643,False
0.1,0.002,0.05,75.0,-357.09704306219726,40.55702360672825,3.7974693738145997,4.343078381248942,0.0,564.7250741290663,0.8724875077605247,False
0.08,0.004,0.1,40.0,-357.1757903196192,40.79601713869036,3.769519598178317,4.336425647802918,0.0,563.8060821358522,0.8017066419124603,False
0.08,0.0005,0.2,100.0,-357.41433490523457,40.841743562386654,3.754118513703419,4.339603632668409,0.0,563.3232892794622,0.7701234817504883,False
0.12,0.001,0.05,75.0,-357.699109915297,40.41461936736795,3.812588557836383,4.353425363079113,0.0,562.2497503337545,0.9274887517094612,False
0.08,0.001,0.2,40.0,-359.2232459740286,40.89604413501475,3.761864671905948,4.351545601990005,0.0,559.9471665153833,0.7653250247240067,False
0.12,0.0005,0.05,150.0,-359.9475937758811,40.42603587965092,3.835503046062714,4.367825108522225,0.0,560.9119392085122,0.9263370186090469,False
0.1,0.002,0.1,40.0,-360.5923365770091,40.6535716130822,3.8149242365045835,4.367230264784609,0.0,557.8541433534901,0.8560966476798058,False
0.1,0.0005,0.15,40.0,-361.1173420052881,40.69820923388486,3.805079909367768,4.371539757400116,0.0,556.4811060013599,0.8343406468629837,False
0.08,0.0005,0.2,75.0,-361.1246452709373,40.91808361144569,3.7800000051958866,4.363959449967243,0.0,557.9888346673397,0.7587863206863403,False
0.1,0.001,0.05,150.0,-361.86574867741524,40.58387750542236,3.8451209763238934,4.373645526690605,0.0,561.7657130881707,0.8737934827804565,False
0.08,0.001,0.15,100.0,-362.89038385246243,40.87354444519259,3.818275003928348,4.374158932654268,0.0,557.56063206822,0.7805765196681023,False
0.06,0.0005,0.25,100.0,-363.49735143148393,41.22796807012228,3.7655733665832045,4.368848624143922,0.0,559.5462695286333,0.6876362860202789,False
0.1,0.001,0.1,75.0,-363.9253490359411,40.69095540815629,3.845953358055521,4.388768810634997,0.0,554.4937454201572,0.8479417115449905,False
0.08,0.002,0.1,75.0,-364.5305039774131,40.882805712374434,3.83859110730215,4.384055713614197,0.0,556.0107381564376,0.792763464152813,False
0.06,0.001,0.25,40.0,-365.18286367205786,41.29029411981773,3.7696366934136654,4.379480063017306,0.0,556.7719689307996,0.6775954514741898,False
0.06,0.004,0.15,40.0,-365.4053001756216,41.192286991655926,3.806221847069529,4.378948726084044,0.0,554.6914857555093,0.7191393822431564,False
0.06,0.002,0.05,150.0,-365.5607064507146,41.00772284559443,3.8412556488425644,4.377980896664408,0.0,566.0232237099767,0.7606674432754517,False
0.12,0.0005,0.05,100.0,-366.54465372405343,40.54758290817893,3.8848546556390753,4.411357642370131,0.0,551.3494915449646,0.9084310606122017,False
0.1,0.0005,0.1,150.0,-366.57388344074053,40.70533851895258,3.872583815416717,4.405714310783704,0.0,552.8230873076536,0.8483225703239441,False
0.08,0.0005,0.2,40.0,-366.97795204450034,41.029259629820764,3.8211464257197862,4.402030835688618,0.0,550.2890109508226,0.7489264383912086,False
0.06,0.0005,0.25,75.0,-367.45409944795045,41.316608140855905,3.7909692003839304,4.394261087195744,0.0,554.4901808288014,0.6757214069366455,False
0.08,0.002,0.15,40.0,-367.5160799422109,40.98677216467503,3.8444009872067038,4.404574605667127,0.0,549.659098370088,0.7718887850642204,False
0.12,0.001,0.05,40.0,-368.6952616728223,40.594176482459716,3.8980988285312863,4.425607455661181,0.0,547.9179309438914,0.9092914760112762,False
0.08,0.002,0.05,100.0,-368.8428170202997,40.908691452081406,3.8823063400415605,4.411137618502872,0.0,553.1292131417504,0.7964924648404121,False
0.08,0.001,0.1,150.0,-370.2361771388877,40.91666826620252,3.894727862009684,4.420507897602318,0.0,552.2500453029243,0.7947565838694572,False
0.12,0.0005,0.05,75.0,-370.2465312065864,40.61049941549857,3.912072449561549,4.435497210311558,0.0,546.4590156970517,0.9031234979629517,False
0.06,0.001,0.2,100.0,-371.1298193687536,41.27848616707328,3.8502087958126032,4.416650863191317,0.0,548.9129824257143,0.699167288839817,False
0.08,0.001,0.15,75.0,-371.3911190297463,41.03082851608048,3.879616393907649,4.429413088534023,0.0,545.8023082087202,0.7641064822673798,False
0.06,0.0005,0.25,40.0,-373.693219351063,41.44563348339286,3.8313553965233815,4.4339690651878305,0.0,547.2380432647151,0.6597007066011429,False
0.1,0.0005,0.1,100.0,-373.7769628968099,40.84092436672982,3.9228108224179854,4.452534442944945,0.0,542.6436752278678,0.8271485418081284,False
0.06,0.002,0.15,75.0,-374.1581254097967,41.297037760223375,3.886027313123698,4.434971372267322,0.0,545.4849819839274,0.7100519984960556,False
0.08,0.0005,0.15,150.0,-374.58410356574797,41.049042160095134,3.9111231305558807,4.449808560214238,0.0,543.6461144680543,0.7671592533588409,False
0.06,0.002,0.2,40.0,-375.93603974530595,41.40944124802503,3.8726587015915372,4.447301435218647,0.0,541.0083282017586,0.6853791624307632,False
0.12,0.0005,0.05,40.0,-375.9414027416705,40.70080805687579,3.9536971671292926,4.47225296102946,0.0,539.4748646624939,0.8954779952764511,False
0.1,0.001,0.1,40.0,-376.0550325862802,40.89239375953158,3.9351897662709003,4.467352046840571,0.0,539.0718342626024,0.8265209272503853,False
0.1,0.001,0.05,100.0,-377.34171704758796,40.857952317759526,3.961888880359123,4.474419705635344,0.0,540.0818102950125,0.8379480540752411,False
0.1,0.0005,0.1,75.0,-377.8374856946507,40.911260940484006,3.950829331511796,4.478621156614473,0.0,537.4279101824868,0.8208112120628357,False
0.06,0.006,0.05,40.0,-378.2393382082209,41.372018605203294,3.9160775888707153,4.460527444715,0.0,539.8520831554197,0.7089859917759895,False
0.06,0.002,0.1,100.0,-379.8819548632307,41.33319806913223,3.9431782237555595,4.4706388589761366,0.0,541.3890224953429,0.7143779844045639,False
0.06,0.001,0.2,75.0,-380.5490821003279,41.46229299021072,3.913462214217846,4.476590920980819,0.0,536.4979785710348,0.6778421625494957,False
0.08,0.004,0.05,40.0,-380.76038783420205,41.14732921323679,3.962641166879479,4.488304169644099,0.0,535.2216334693076,0.7698719799518585,False
0.06,0.001,0.15,150.0,-381.13648139841564,41.34018722957893,3.9531583320140364,4.479301540019534,0.0,540.5847431541961,0.7128584384918213,False
0.08,0.0005,0.15,100.0,-382.49944132883786,41.20227927393888,3.9624060327195587,4.500279217957545,0.0,532.861432520298,0.744270071387291,False
0.1,0.002,0.05,40.0,-382.6128621155355,40.96345674044865,3.9944685726750704,4.508447553663251,0.0,532.3721820614883,0.8287912234663963,False
0.1,0.0005,0.1,40.0,-384.12847319004504,41.012891900316376,3.9943015929210084,4.518633537477971,0.0,529.9453473629446,0.8116952478885651,False
0.06,0.0005,0.2,150.0,-384.48397684264256,41.485162393933884,3.951289502187617,4.50164588748701,0.0,533.6214902244283,0.6818021386861801,False
0.08,0.001,0.15,40.0,-384.8846488015864,41.26005414767364,3.9733356683514054,4.515408651006387,0.0,529.2201753005306,0.7405797094106674,False
0.1,0.001,0.05,75.0,-386.28043448739294,41.00117971862758,4.025754800028798,4.531338815352783,0.0,529.0874193137715,0.8233074620366096,False
0.08,0.0005,0.15,75.0,-386.9780599759998,41.28225696411392,3.9911982224113003,4.528516531007394,0.0,527.331092653455,0.735143393278122,False
0.08,0.001,0.1,100.0,-387.8033499460574,41.22904686644278,4.019771045344037,4.532758649348244,0.0,528.4853464240223,0.7557443901896477,False
0.08,0.002,0.05,75.0,-388.85611203438395,41.2349904361794,4.031227950344394,4.5388548540332065,0.0,527.7079325530299,0.7629103735089302,False
0.1,0.0005,0.05,150.0,-389.0288466951455,41.01447927936735,4.051247851355165,4.548314497444656,0.0,527.56679764195,0.8237175643444061,False
0.06,0.0005,0.2,100.0,-393.1598672931943,41.6648401055577,4.002349764084449,4.555585633651245,0.0,522.6020874563874,0.6590883582830429,False
0.06,0.004,0.1,40.0,-393.5155574491231,41.61311270560238,4.027735867676517,4.556549310486239,0.0,521.783693169782,0.685076467692852,False
0.08,0.002,0.1,40.0,-393.60689949914615,41.34814637370352,4.051711247553635,4.569350390376387,0.0,520.2851302575327,0.7447130754590034,False
0.08,0.0005,0.15,40.0,-393.9644192933956,41.39816922880702,4.036362563499367,4.572151708887657,0.0,519.3705966391717,0.724926047027111,False
0.08,0.001,0.05,150.0,-394.81667375599187,41.26713468196163,4.0849020692805365,4.575571298724858,0.0,524.2794909079221,0.7655418738722801,False
0.06,0.001,0.2,40.0,-395.5459011727431,41.73163588508979,4.010281566208746,4.57014150659535,0.0,519.2289331756037,0.6518580541014671,False
0.1,0.0005,0.05,100.0,-397.5229858728806,41.15478159620424,4.107213273472434,4.601517461654991,0.0,517.2134325811603,0.8055007308721542,False
0.08,0.001,0.1,75.0,-397.9181683903289,41.39269504951468,4.087083350577748,4.595904765360258,0.0,516.5192422389446,0.7391495853662491,False
0.06,0.0005,0.2,75.0,-398.0627114985922,41.75846100125245,4.0310935615747745,4.5857326909529705,0.0,517.0393637636153,0.6476369500160217,False
0.1,0.001,0.05,40.0,-400.30440453983283,41.20842590979707,4.1221941978393035,4.618918592199983,0.0,513.5304701764544,0.8020200580358505,False
0.06,0.001,0.15,100.0,-401.08647498765697,41.707273599889966,4.083245438475678,4.603658627581608,0.0,514.7951967117697,0.6692070811986923,False
0.08,0.0005,0.1,150.0,-401.2564452083056,41.409580257962894,4.117212643810307,4.616375919545113,0.0,514.5800595076216,0.7404793053865433,False
0.1,0.0005,0.05,75.0,-402.2587651793026,41.227440490766185,4.137919229565751,4.630835636955432,0.0,511.9203991899485,0.7984394431114197,False
0.06,0.002,0.1,75.0,-403.38722627065056,41.71967268326431,4.108154481950962,4.61713972521941,0.0,512.8568765268574,0.677764356136322,False
0.06,0.0005,0.2,40.0,-405.74516051500524,41.89485459807062,4.076672296786873,4.632564151944624,0.0,509.1013233917329,0.6350157335400581,False
0.06,0.002,0.15,40.0,-407.3885703527553,41.847619577951825,4.112653642555077,4.642136087169705,0.0,506.3083781555906,0.6561593562364578,False
0.06,0.002,0.05,100.0,-408.8528934889401,41.7499418294346,4.157132196859402,4.6499998550685975,0.0,509.52119874188793,0.681561715900898,False
0.1,0.0005,0.05,40.0,-409.5128753385568,41.33182258704148,4.184705478788673,4.675285363083294,0.0,504.3626786619134,0.7881893813610077,False
0.08,0.0005,0.1,100.0,-410.7558246469079,41.57011066449988,4.174328584250703,4.674515285375355,0.0,503.5238380530136,0.7195461913943291,False
0.06,0.001,0.1,150.0,-410.82524640166145,41.75993261178105,4.1729550173092385,4.662425842194333,0.0,508.3715392599697,0.6805320903658867,False
0.06,0.001,0.15,75.0,-412.575241400438,41.901546960552544,4.153408692983702,4.673561234673425,0.0,501.9179464497229,0.6506486982107162,False
0.08,0.001,0.1,40.0,-413.76841696755366,41.630832116695764,4.188261831548655,4.692851293398556,0.0,499.6965351452527,0.7149459198117256,False
0.08,0.001,0.05,100.0,-415.404608603921,41.591462215914596,4.219778462761546,4.701968617969996,0.0,500.49380366843616,0.7286589667201042,False
0.08,0.0005,0.1,75.0,-416.07813179784637,41.653356787427484,4.20608360234851,4.706719483154818,0.0,497.8581286811168,0.7114599868655205,False
0.06,0.0005,0.15,150.0,-416.7612150748259,41.92278460891059,4.189821452212047,4.698988003324389,0.0,499.34632561473154,0.6534890532493591,False
0.08,0.002,0.05,40.0,-422.458086282571,41.71642818727278,4.257447864715814,4.744625730928685,0.0,492.11578328155156,0.7156252190470695,False
0.08,0.0005,0.1,40.0,-424.2889344187499,41.77352105753364,4.2552315086313195,4.755908405828387,0.0,489.72995417586753,0.6999658569693565,False
0.06,0.004,0.05,40.0,-425.46340179601225,42.04663873783354,4.25206423752642,4.7500997980303055,0.0,489.74060404441116,0.6511717364192009,False
0.08,0.001,0.05,75.0,-427.24074524100206,41.76155534891057,4.293368020235469,4.772931494393518,0.0,488.42835096025374,0.7121172919869423,False
0.06,0.0005,0.15,100.0,-427.4809315313362,42.112814554220535,4.248069472997093,4.76268759963714,0.0,487.67901842581705,0.6308276206254959,False
0.06,0.001,0.15,40.0,-430.69457844619865,42.18474231068874,4.259997286517976,4.781524669933212,0.0,483.8532712247179,0.6244192868471146,False
0.08,0.0005,0.05,150.0,-430.7268634469651,41.777429598231734,4.322322515137369,4.793451965355221,0.0,486.66124376260063,0.7139098048210144,False
0.06,0.0005,0.15,75.0,-433.5007350356599,42.21205976857406,4.280651513298272,4.79806589842471,0.0,481.71347027683805,0.6210712790489197,False
0.06,0.001,0.1,100.0,-435.08599728816483,42.147670157384304,4.319717851382825,4.807100625615825,0.0,481.99815361663514,0.6408618092536926,False
0.06,0.002,0.05,75.0,-436.3740709660063,42.15453114349152,4.331951065351537,4.814253003380012,0.0,481.1626002897756,0.645231656730175,False
0.08,0.0005,0.05,100.0,-442.0416123592271,41.94439060746946,4.386979339732816,4.859947984531196,0.0,475.33647615638347,0.6951358690857887,False
0.06,0.0005,0.15,40.0,-442.84623582749555,42.35568788453926,4.331659998201043,4.852479076878218,0.0,473.1403180767127,0.6086631268262863,False
0.06,0.002,0.1,40.0,-443.1033125402296,42.296582816400345,4.3567068329880385,4.8539009013723495,0.0,473.0621944571344,0.6264456361532211,False
0.06,0.001,0.05,150.0,-444.15868276782055,42.19182253065927,4.393777898913299,4.859645958302246,0.0,477.0899718629464,0.6487905532121658,False
0.08,0.001,0.05,40.0,-445.75541598987286,42.00814762641191,4.404190285447458,4.881633935069839,0.0,471.35447276205014,0.6883379518985748,False
0.08,0.0005,0.05,75.0,-448.30995144132737,42.03092266284959,4.4222395582265905,4.896345468120488,0.0,469.5503486626403,0.6866088807582855,False
0.06,0.001,0.1,75.0,-448.9427392480341,42.35160868162737,4.398007160121814,4.887652794411708,0.0,468.75888132490945,0.6225126832723618,False
0.06,0.0005,0.1,150.0,-453.36170366395737,42.37132856426273,4.433023942099138,4.913220576987381,0.0,466.4420608910805,0.6244726702570915,False
0.08,0.0005,0.05,40.0,-457.8696162556662,42.15553896555532,4.475725680012241,4.951264010319834,0.0,461.2931038582028,0.674290731549263,False
0.06,0.0005,0.1,100.0,-466.4166419647994,42.572452570703284,4.499189047162355,4.987294718070303,0.0,454.311923909685,0.603664442896843,False
0.06,0.001,0.1,40.0,-470.54742331289685,42.649205810454006,4.5150050901844985,5.010454169507644,0.0,450.19800671245684,0.5963728576898575,False
0.06,0.001,0.05,100.0,-472.8326838677725,42.59888405206218,4.553715851604099,5.023124170010079,0.0,450.5967387656565,0.6108809635043144,False
0.06,0.0005,0.1,75.0,-473.68316889558565,42.677063073774946,4.535804179453672,5.028042361319878,0.0,448.1036975060524,0.594439722597599,False
0.06,0.002,0.05,40.0,-482.71132801349006,42.7568826873723,4.598451885187888,5.078219424854435,0.0,441.3744371621724,0.5953182131052017,False
0.06,0.0005,0.1,40.0,-484.84672922378604,42.828294980771126,4.5923030394660715,5.089998208474622,0.0,439.20400804910605,0.5814151465892792,False
0.06,0.001,0.05,75.0,-489.26673827123994,42.81298114030515,4.640816486285391,5.114381675842123,0.0,437.14452045715734,0.593031257390976,False
0.06,0.0005,0.05,150.0,-493.9219438103447,42.831350459416925,4.674634858478273,5.140045072765385,0.0,435.02946449415685,0.5956606641411781,False
0.06,0.0005,0.05,100.0,-509.7273424909216,43.04358102486002,4.751335132345948,5.225721837916886,0.0,422.4586115664124,0.5765421241521835,False
0.06,0.001,0.05,40.0,-514.9115777585101,43.12484744786094,4.771543534972612,5.253491638131122,0.0,418.10931320218515,0.5678765401244164,False
0.06,0.0005,0.05,75.0,-518.4251195504435,43.15331038522143,4.792828544907507,5.272254821682902,0.0,416.0444080621601,0.5672451034188271,False
0.06,0.0005,0.05,40.0,-531.6253037224835,43.31305546409675,4.8553830083218745,5.342056743018194,0.0,406.9048058795888,0.5551443696022034,False
